customer_id,age,gender,city_tier,income_bracket,acquisition_channel,num_visits,avg_basket_size,discount_pct,category,brand_tier,flash_sale_response,flash_sale_frequency,nps_score,basket_trend,willingness_full_price,repurchase_intent,months_active,premium_loyal
TIRA00001,32,Female,Tier 1,₹6L-12L,App,5,1797.0,43.3,Skincare,Premium,1,5,5.9,1408.0,0,0,19,0
TIRA00002,21,Female,Tier 1,₹6L-12L,Influencer,5,3756.0,38.0,Skincare,Premium,1,0,7.0,3043.0,0,1,24,1
TIRA00003,36,Female,Tier 1,₹3L-6L,Word of Mouth,11,3500.0,31.1,Makeup,Masstige,1,3,7.0,2955.0,0,0,16,0
TIRA00004,37,Female,Tier 1,₹6L-12L,In-Store,8,1268.0,50.4,Makeup,Premium,1,5,7.2,948.0,0,1,18,0
TIRA00005,18,Female,Tier 2,₹12L-25L,Influencer,11,3747.0,24.7,Fragrance,Premium,0,6,4.9,3285.0,1,0,3,0
TIRA00006,19,Non-binary,Tier 3,₹6L-12L,In-Store,6,3540.0,28.8,Makeup,Masstige,0,5,8.1,3029.0,0,1,5,0
TIRA00007,31,Female,Tier 2,₹12L-25L,Paid Ad,12,2479.0,21.3,Skincare,Masstige,0,6,8.4,2215.0,1,1,5,0
TIRA00008,27,Female,Tier 1,₹12L-25L,Word of Mouth,4,2400.0,30.6,Skincare,Premium,1,2,7.1,2032.0,0,1,26,0
TIRA00009,29,Male,Tier 1,₹6L-12L,Influencer,7,3709.0,10.1,Skincare,Premium,0,1,8.1,3521.0,1,1,13,1
TIRA00010,23,Female,Tier 2,₹3L-6L,Word of Mouth,3,5131.0,23.7,Haircare,Masstige,0,2,7.6,4522.0,1,1,16,0
TIRA00011,37,Female,Tier 2,₹3L-6L,Influencer,8,3678.0,35.9,Makeup,Premium,1,4,5.7,3017.0,0,0,19,0
TIRA00012,36,Non-binary,Tier 1,₹3L-6L,Influencer,4,4137.0,80.0,Makeup,Premium,1,5,4.9,2482.0,0,0,13,0
TIRA00013,30,Female,Tier 3,₹12L-25L,In-Store,5,2201.0,80.0,Fragrance,Luxury,1,6,5.7,1321.0,0,0,5,0
TIRA00014,39,Female,Tier 1,₹12L-25L,Influencer,5,2703.0,18.6,Skincare,Premium,0,0,5.5,2451.0,1,0,17,0
TIRA00015,33,Female,Tier 2,₹25L+,Paid Ad,8,3930.0,17.5,Makeup,Masstige,0,2,7.8,3585.0,1,1,13,1
TIRA00016,23,Male,Tier 3,₹12L-25L,Influencer,9,1570.0,80.0,Skincare,Premium,1,0,4.9,942.0,0,0,21,0
TIRA00017,32,Female,Tier 2,₹6L-12L,App,7,3449.0,40.0,Skincare,Masstige,1,1,7.0,2758.0,0,1,23,1
TIRA00018,22,Female,Tier 1,₹6L-12L,In-Store,4,3792.0,30.4,Makeup,Premium,1,4,5.5,3215.0,0,0,27,0
TIRA00019,37,Female,Tier 2,₹6L-12L,Paid Ad,6,3154.0,20.9,Haircare,Premium,0,1,6.4,2825.0,1,0,18,0
TIRA00020,29,Female,Tier 1,₹6L-12L,Word of Mouth,2,3583.0,18.9,Fragrance,Luxury,0,7,5.8,3245.0,1,0,32,1
TIRA00021,28,Male,Tier 2,₹25L+,App,12,3269.0,4.0,Skincare,Premium,0,5,6.4,3204.0,1,0,35,0
TIRA00022,24,Female,Tier 1,₹6L-12L,App,4,2453.0,28.4,Makeup,Luxury,0,4,7.7,2105.0,0,1,24,0
TIRA00023,39,Non-binary,Tier 2,₹6L-12L,In-Store,4,1786.0,26.6,Fragrance,Premium,0,1,6.3,1548.0,0,0,33,0
TIRA00024,28,Female,Tier 3,₹6L-12L,App,9,3092.0,29.1,Fragrance,Premium,0,3,6.2,2642.0,0,0,35,0
TIRA00025,26,Female,Tier 1,₹3L-6L,Word of Mouth,7,4765.0,61.6,Haircare,Masstige,1,3,6.6,3298.0,0,0,30,0
TIRA00026,27,Male,Tier 1,₹25L+,In-Store,5,4429.0,26.7,Makeup,Masstige,0,4,6.6,3838.0,0,0,6,0
TIRA00027,34,Female,Tier 2,₹3L-6L,In-Store,6,2786.0,28.7,Skincare,Luxury,0,0,7.8,2385.0,0,1,24,1
TIRA00028,32,Female,Tier 1,₹3L-6L,App,13,2761.0,18.7,Haircare,Luxury,0,1,6.2,2502.0,1,0,6,1
TIRA00029,33,Male,Tier 1,₹6L-12L,In-Store,9,2672.0,41.3,Skincare,Premium,1,1,6.0,2121.0,0,0,11,0
TIRA00030,33,Female,Tier 1,₹12L-25L,Word of Mouth,5,2672.0,6.4,Makeup,Premium,0,2,6.8,2587.0,1,0,28,0
TIRA00031,47,Female,Tier 1,₹12L-25L,In-Store,11,3545.0,10.0,Skincare,Masstige,0,3,8.1,3368.0,1,1,19,1
TIRA00032,26,Non-binary,Tier 2,₹12L-25L,App,10,4469.0,50.7,Makeup,Premium,1,4,5.8,3337.0,0,0,23,0
TIRA00033,25,Female,Tier 2,₹6L-12L,App,8,5915.0,26.8,Makeup,Luxury,0,3,7.7,5124.0,0,1,14,1
TIRA00034,23,Female,Tier 1,₹3L-6L,Word of Mouth,13,2204.0,32.5,Skincare,Masstige,1,1,6.9,1846.0,0,0,31,0
TIRA00035,34,Female,Tier 1,₹25L+,Word of Mouth,2,3981.0,15.4,Makeup,Masstige,0,8,5.4,3675.0,1,0,13,1
TIRA00036,39,Female,Tier 1,₹6L-12L,App,6,3851.0,39.3,Skincare,Premium,1,5,6.2,3093.0,0,0,24,0
TIRA00037,29,Female,Tier 1,₹3L-6L,Influencer,11,2804.0,66.0,Fragrance,Premium,1,2,3.8,1879.0,0,0,28,0
TIRA00038,23,Female,Tier 2,₹12L-25L,App,14,1969.0,42.9,Luxury Tools,Masstige,1,5,6.6,1546.0,0,0,1,0
TIRA00039,23,Female,Tier 1,₹3L-6L,Influencer,8,3530.0,43.6,Skincare,Premium,1,6,6.8,2760.0,0,0,30,0
TIRA00040,35,Female,Tier 1,₹3L-6L,App,4,5744.0,57.8,Skincare,Premium,1,5,6.3,4085.0,0,0,24,0
TIRA00041,35,Female,Tier 3,₹12L-25L,Paid Ad,6,3523.0,16.2,Fragrance,Luxury,0,4,7.2,3238.0,1,1,7,1
TIRA00042,34,Female,Tier 1,₹6L-12L,Word of Mouth,11,2255.0,11.4,Fragrance,Luxury,0,6,5.9,2126.0,1,0,8,0
TIRA00043,24,Female,Tier 2,₹6L-12L,App,8,3011.0,40.2,Fragrance,Premium,1,4,6.6,2407.0,0,0,3,0
TIRA00044,31,Female,Tier 1,₹6L-12L,In-Store,7,1832.0,24.2,Makeup,Luxury,0,5,7.4,1610.0,1,1,16,0
TIRA00045,30,Female,Tier 1,₹12L-25L,App,6,3222.0,20.9,Skincare,Premium,0,2,7.0,2885.0,1,0,2,0
TIRA00046,31,Female,Tier 1,₹3L-6L,In-Store,7,4020.0,21.3,Wellness,Premium,0,3,7.2,3592.0,1,1,25,1
TIRA00047,36,Male,Tier 2,₹3L-6L,App,5,2369.0,36.3,Makeup,Masstige,1,3,4.7,1939.0,0,0,3,0
TIRA00048,31,Female,Tier 2,₹12L-25L,App,12,500.0,11.2,Makeup,Masstige,0,1,7.6,472.0,1,1,23,1
TIRA00049,35,Female,Tier 1,₹12L-25L,Word of Mouth,6,3532.0,51.3,Haircare,Premium,1,2,5.8,2627.0,0,0,26,0
TIRA00050,30,Male,Tier 1,₹25L+,App,9,2598.0,21.0,Haircare,Luxury,0,1,5.9,2325.0,1,0,14,0
TIRA00051,32,Female,Tier 1,₹6L-12L,Paid Ad,7,2299.0,14.8,Skincare,Premium,0,4,7.9,2129.0,1,1,13,1
TIRA00052,35,Female,Tier 2,₹3L-6L,App,10,2289.0,39.3,Wellness,Luxury,1,4,5.9,1839.0,0,0,25,0
TIRA00053,18,Female,Tier 2,₹12L-25L,In-Store,8,3680.0,36.9,Makeup,Masstige,1,2,6.8,3002.0,0,0,32,0
TIRA00054,27,Female,Tier 2,₹12L-25L,In-Store,11,2711.0,19.5,Skincare,Masstige,0,1,7.7,2447.0,1,1,34,1
TIRA00055,26,Female,Tier 3,₹3L-6L,Word of Mouth,5,4317.0,35.6,Skincare,Luxury,1,1,6.9,3548.0,0,0,22,0
TIRA00056,24,Male,Tier 1,₹12L-25L,App,7,4343.0,59.3,Makeup,Premium,1,3,4.3,3056.0,0,0,9,0
TIRA00057,27,Female,Tier 2,₹6L-12L,App,11,2875.0,4.7,Makeup,Premium,0,1,7.4,2808.0,1,1,13,1
TIRA00058,41,Male,Tier 2,₹12L-25L,Influencer,6,2575.0,33.9,Skincare,Masstige,1,6,8.8,2139.0,0,1,5,0
TIRA00059,23,Male,Tier 1,₹12L-25L,Influencer,13,3353.0,5.9,Makeup,Luxury,0,3,9.2,3254.0,1,1,1,1
TIRA00060,37,Female,Tier 3,₹6L-12L,Influencer,7,3026.0,80.0,Makeup,Masstige,1,3,5.6,1815.0,0,0,5,0
TIRA00061,18,Female,Tier 1,₹25L+,App,10,1097.0,23.7,Makeup,Luxury,0,5,7.3,967.0,1,1,28,1
TIRA00062,27,Female,Tier 2,₹25L+,App,10,5497.0,14.0,Wellness,Masstige,0,1,6.5,5113.0,1,0,17,0
TIRA00063,31,Non-binary,Tier 2,₹3L-6L,Paid Ad,10,4057.0,14.8,Skincare,Masstige,0,5,7.2,3756.0,1,1,20,1
TIRA00064,34,Female,Tier 3,₹6L-12L,Influencer,10,2644.0,49.6,Fragrance,Luxury,1,2,5.6,1988.0,0,0,11,0
TIRA00065,35,Female,Tier 1,₹12L-25L,Influencer,10,900.0,18.4,Skincare,Premium,0,4,7.2,818.0,1,1,3,1
TIRA00066,36,Female,Tier 1,₹3L-6L,App,11,2983.0,6.1,Skincare,Masstige,0,6,6.3,2893.0,1,0,17,0
TIRA00067,27,Female,Tier 2,₹6L-12L,App,6,2494.0,67.0,Skincare,Premium,1,6,6.3,1659.0,0,0,16,0
TIRA00068,26,Female,Tier 2,₹6L-12L,Word of Mouth,14,3127.0,50.6,Luxury Tools,Masstige,1,2,3.3,2336.0,0,0,3,0
TIRA00069,36,Female,Tier 1,₹25L+,Influencer,8,603.0,3.2,Skincare,Masstige,0,2,8.7,594.0,1,1,24,1
TIRA00070,28,Female,Tier 2,₹6L-12L,App,11,2633.0,39.5,Skincare,Masstige,1,3,7.3,2113.0,0,1,9,0
TIRA00071,19,Male,Tier 1,₹12L-25L,Word of Mouth,8,2706.0,19.5,Skincare,Premium,0,2,9.5,2443.0,1,1,18,1
TIRA00072,20,Female,Tier 2,₹6L-12L,Influencer,15,2969.0,22.4,Haircare,Masstige,0,0,6.9,2637.0,1,0,13,0
TIRA00073,22,Female,Tier 3,₹3L-6L,In-Store,9,2917.0,41.3,Makeup,Luxury,1,6,5.8,2314.0,0,0,4,0
TIRA00074,33,Female,Tier 1,₹25L+,In-Store,11,3263.0,23.6,Skincare,Luxury,0,3,7.2,2878.0,1,1,33,1
TIRA00075,31,Female,Tier 1,₹3L-6L,Influencer,5,5025.0,15.2,Makeup,Masstige,0,6,8.0,4644.0,1,1,22,1
TIRA00076,35,Female,Tier 3,₹3L-6L,In-Store,9,2582.0,3.8,Fragrance,Premium,0,6,7.8,2534.0,1,1,11,1
TIRA00077,26,Female,Tier 2,₹6L-12L,Influencer,7,2107.0,12.2,Fragrance,Premium,0,4,6.3,1978.0,1,0,8,0
TIRA00078,31,Female,Tier 3,₹12L-25L,Influencer,10,1127.0,41.8,Wellness,Premium,1,1,6.9,892.0,0,0,2,0
TIRA00079,35,Female,Tier 1,₹6L-12L,App,10,2587.0,27.7,Skincare,Premium,0,3,6.9,2228.0,0,0,28,0
TIRA00080,27,Female,Tier 3,₹3L-6L,Word of Mouth,9,1518.0,32.7,Skincare,Premium,1,3,5.7,1270.0,0,0,11,0
TIRA00081,33,Female,Tier 1,₹6L-12L,In-Store,9,4352.0,19.4,Skincare,Masstige,0,2,5.6,3931.0,1,0,8,0
TIRA00082,24,Female,Tier 1,₹6L-12L,In-Store,7,3085.0,2.2,Fragrance,Premium,0,3,10.0,3050.0,1,1,33,1
TIRA00083,27,Female,Tier 1,₹3L-6L,Influencer,8,4327.0,80.0,Haircare,Masstige,1,3,5.6,2596.0,0,0,35,0
TIRA00084,26,Female,Tier 2,₹12L-25L,Influencer,7,4959.0,37.9,Makeup,Luxury,1,2,7.0,4020.0,0,1,15,1
TIRA00085,20,Female,Tier 3,₹3L-6L,In-Store,8,2162.0,58.4,Makeup,Premium,1,1,5.5,1531.0,0,0,21,0
TIRA00086,33,Female,Tier 2,₹6L-12L,Influencer,7,2783.0,39.9,Makeup,Premium,1,4,7.1,2227.0,0,1,29,0
TIRA00087,26,Male,Tier 2,₹12L-25L,Word of Mouth,8,4798.0,34.8,Makeup,Premium,1,5,5.6,3964.0,0,0,22,0
TIRA00088,30,Non-binary,Tier 1,₹12L-25L,Paid Ad,6,3427.0,17.4,Makeup,Masstige,0,6,7.5,3128.0,1,1,10,1
TIRA00089,33,Male,Tier 1,₹6L-12L,Paid Ad,10,3826.0,6.0,Makeup,Masstige,0,3,8.0,3711.0,1,1,27,1
TIRA00090,33,Female,Tier 1,₹6L-12L,App,12,4440.0,10.8,Skincare,Masstige,0,6,6.5,4201.0,1,0,5,0
TIRA00091,35,Female,Tier 1,₹6L-12L,In-Store,4,4276.0,3.7,Skincare,Premium,0,1,7.7,4196.0,1,1,20,1
TIRA00092,29,Female,Tier 1,₹25L+,Influencer,10,3692.0,41.9,Skincare,Premium,1,3,5.9,2918.0,0,0,18,0
TIRA00093,26,Male,Tier 3,₹6L-12L,App,10,4876.0,78.9,Wellness,Masstige,1,1,4.1,2953.0,0,0,21,0
TIRA00094,29,Male,Tier 2,₹6L-12L,Paid Ad,8,3118.0,39.3,Wellness,Premium,1,3,5.9,2505.0,0,0,25,0
TIRA00095,18,Male,Tier 2,₹6L-12L,In-Store,5,3823.0,13.0,Haircare,Premium,0,3,5.8,3574.0,1,0,3,0
TIRA00096,18,Male,Tier 1,₹6L-12L,App,7,2988.0,40.9,Fragrance,Premium,1,3,7.4,2377.0,0,1,30,0
TIRA00097,19,Female,Tier 1,₹6L-12L,App,6,4425.0,31.1,Skincare,Premium,1,4,8.3,3737.0,0,1,11,1
TIRA00098,22,Male,Tier 1,₹3L-6L,App,10,2359.0,61.3,Skincare,Luxury,1,1,4.6,1636.0,0,0,9,0
TIRA00099,33,Male,Tier 1,₹12L-25L,In-Store,12,1181.0,64.7,Skincare,Premium,1,2,6.5,799.0,0,0,19,0
TIRA00100,22,Female,Tier 1,₹12L-25L,Influencer,17,3986.0,20.3,Skincare,Premium,0,2,7.2,3580.0,1,1,35,1
TIRA00101,26,Male,Tier 1,₹12L-25L,Influencer,13,1976.0,8.8,Haircare,Premium,0,2,7.6,1889.0,1,1,30,1
TIRA00102,40,Female,Tier 1,₹12L-25L,App,7,1857.0,26.5,Skincare,Luxury,0,5,5.6,1611.0,0,0,18,0
TIRA00103,27,Non-binary,Tier 2,₹6L-12L,App,9,4718.0,23.3,Luxury Tools,Premium,0,4,6.5,4169.0,1,0,21,0
TIRA00104,35,Male,Tier 1,₹25L+,Paid Ad,11,4360.0,17.5,Haircare,Masstige,0,3,7.8,3978.0,1,1,18,1
TIRA00105,22,Female,Tier 1,₹12L-25L,App,12,2789.0,23.0,Skincare,Masstige,0,1,6.1,2468.0,1,0,24,0
TIRA00106,28,Female,Tier 1,₹12L-25L,In-Store,9,500.0,36.8,Fragrance,Premium,1,1,5.8,408.0,0,0,31,0
TIRA00107,22,Female,Tier 1,₹12L-25L,In-Store,14,3840.0,4.9,Fragrance,Premium,0,2,7.3,3746.0,1,1,5,1
TIRA00108,27,Male,Tier 1,₹6L-12L,Influencer,9,3995.0,24.5,Makeup,Premium,0,4,3.6,3506.0,1,0,15,0
TIRA00109,36,Male,Tier 1,₹6L-12L,Paid Ad,7,3820.0,37.2,Skincare,Masstige,1,2,6.8,3109.0,0,0,20,0
TIRA00110,18,Female,Tier 2,₹6L-12L,Influencer,7,3765.0,54.1,Makeup,Masstige,1,4,6.5,2747.0,0,0,27,0
TIRA00111,33,Male,Tier 1,₹3L-6L,Word of Mouth,8,2982.0,33.5,Makeup,Premium,1,7,7.0,2483.0,0,1,4,0
TIRA00112,31,Female,Tier 3,₹6L-12L,Paid Ad,13,2707.0,31.4,Haircare,Premium,1,2,7.7,2282.0,0,1,20,0
TIRA00113,25,Female,Tier 1,₹3L-6L,App,5,1873.0,22.9,Skincare,Luxury,0,3,6.6,1658.0,1,0,28,0
TIRA00114,18,Female,Tier 1,₹3L-6L,App,9,2363.0,2.2,Fragrance,Premium,0,1,9.7,2337.0,1,1,5,1
TIRA00115,30,Female,Tier 1,₹25L+,In-Store,7,3586.0,7.3,Skincare,Masstige,0,1,6.9,3455.0,1,0,7,0
TIRA00116,25,Female,Tier 1,₹12L-25L,In-Store,9,3606.0,44.8,Wellness,Premium,1,0,6.0,2798.0,0,0,2,0
TIRA00117,31,Female,Tier 1,₹12L-25L,Influencer,5,4148.0,36.9,Skincare,Premium,1,1,6.2,3383.0,0,0,30,0
TIRA00118,30,Female,Tier 3,₹6L-12L,App,10,1512.0,15.4,Fragrance,Premium,0,4,7.6,1396.0,1,1,33,1
TIRA00119,42,Female,Tier 1,₹12L-25L,App,4,1209.0,28.7,Skincare,Premium,0,4,6.6,1035.0,0,0,17,0
TIRA00120,28,Male,Tier 2,₹25L+,In-Store,6,2744.0,21.3,Haircare,Luxury,0,3,7.0,2451.0,1,1,31,0
TIRA00121,21,Female,Tier 1,₹12L-25L,Influencer,10,1976.0,1.2,Fragrance,Masstige,0,2,7.3,1964.0,1,1,21,1
TIRA00122,31,Male,Tier 1,₹12L-25L,Influencer,13,3423.0,23.2,Skincare,Masstige,0,4,6.6,3026.0,1,0,35,0
TIRA00123,31,Female,Tier 1,₹6L-12L,Word of Mouth,4,1628.0,39.8,Skincare,Masstige,1,4,4.2,1304.0,0,0,4,0
TIRA00124,40,Female,Tier 1,₹6L-12L,App,9,4616.0,34.0,Wellness,Luxury,1,4,7.4,3832.0,0,1,24,1
TIRA00125,36,Female,Tier 1,₹12L-25L,In-Store,3,2214.0,56.9,Wellness,Premium,1,3,4.7,1584.0,0,0,26,0
TIRA00126,32,Female,Tier 3,₹25L+,Word of Mouth,5,5111.0,29.2,Haircare,Masstige,0,3,6.3,4364.0,0,0,23,0
TIRA00127,41,Female,Tier 2,₹6L-12L,Influencer,8,3829.0,30.9,Makeup,Masstige,1,2,5.7,3238.0,0,0,18,0
TIRA00128,20,Female,Tier 3,₹6L-12L,Influencer,7,1934.0,35.4,Skincare,Masstige,1,5,7.2,1592.0,0,1,8,0
TIRA00129,24,Female,Tier 1,₹6L-12L,In-Store,7,5714.0,20.9,Makeup,Premium,0,4,6.6,5117.0,1,0,6,0
TIRA00130,22,Female,Tier 2,₹6L-12L,App,10,3519.0,10.9,Haircare,Premium,0,2,5.1,3326.0,1,0,23,0
TIRA00131,26,Female,Tier 2,₹25L+,Paid Ad,10,3399.0,23.6,Skincare,Premium,0,4,7.3,2999.0,1,1,21,0
TIRA00132,18,Female,Tier 2,₹12L-25L,Influencer,5,3122.0,34.9,Skincare,Premium,1,2,5.9,2576.0,0,0,18,0
TIRA00133,35,Male,Tier 3,₹6L-12L,Influencer,6,3760.0,74.7,Luxury Tools,Luxury,1,3,5.0,2356.0,0,0,2,0
TIRA00134,28,Female,Tier 2,₹6L-12L,In-Store,7,3831.0,29.4,Haircare,Premium,0,3,7.7,3268.0,0,1,14,1
TIRA00135,18,Non-binary,Tier 3,₹6L-12L,In-Store,4,2162.0,80.0,Haircare,Luxury,1,1,3.8,1297.0,0,0,31,0
TIRA00136,21,Male,Tier 2,₹3L-6L,App,6,2944.0,34.0,Luxury Tools,Premium,1,1,6.6,2443.0,0,0,24,0
TIRA00137,32,Non-binary,Tier 1,₹12L-25L,Paid Ad,13,3339.0,35.9,Makeup,Premium,1,0,5.8,2739.0,0,0,27,0
TIRA00138,36,Male,Tier 2,₹12L-25L,In-Store,9,3899.0,19.2,Skincare,Premium,0,2,8.2,3524.0,1,1,3,1
TIRA00139,45,Female,Tier 1,₹12L-25L,App,6,3920.0,15.4,Luxury Tools,Luxury,0,1,7.5,3618.0,1,1,16,1
TIRA00140,53,Female,Tier 3,₹6L-12L,In-Store,4,3397.0,80.0,Wellness,Premium,1,2,4.8,2038.0,0,0,18,0
TIRA00141,33,Female,Tier 2,₹12L-25L,Word of Mouth,8,2540.0,25.2,Skincare,Premium,0,4,5.7,2219.0,0,0,28,0
TIRA00142,22,Male,Tier 1,₹12L-25L,In-Store,5,2478.0,11.2,Skincare,Premium,0,2,8.3,2339.0,1,1,27,1
TIRA00143,18,Female,Tier 1,₹6L-12L,In-Store,7,1770.0,63.0,Makeup,Luxury,1,4,6.4,1212.0,0,0,4,0
TIRA00144,32,Female,Tier 1,₹12L-25L,Influencer,6,3911.0,25.7,Skincare,Masstige,0,3,6.2,3409.0,0,0,30,0
TIRA00145,23,Male,Tier 1,₹12L-25L,Paid Ad,4,2461.0,22.1,Skincare,Premium,0,2,7.3,2189.0,1,1,2,0
TIRA00146,26,Female,Tier 1,₹12L-25L,Influencer,9,2970.0,5.8,Skincare,Masstige,0,1,8.4,2884.0,1,1,18,0
TIRA00147,25,Female,Tier 2,₹3L-6L,Paid Ad,7,3485.0,51.8,Haircare,Luxury,1,4,8.1,2583.0,0,1,9,1
TIRA00148,28,Male,Tier 2,₹6L-12L,App,7,3205.0,48.6,Skincare,Luxury,1,3,6.4,2426.0,0,0,13,0
TIRA00149,38,Female,Tier 2,₹6L-12L,Word of Mouth,6,3193.0,43.7,Fragrance,Premium,1,3,6.3,2496.0,0,0,15,0
TIRA00150,31,Female,Tier 1,₹3L-6L,Word of Mouth,12,2114.0,43.6,Makeup,Premium,1,5,6.1,1653.0,0,0,21,0
TIRA00151,28,Male,Tier 1,₹6L-12L,In-Store,7,3523.0,22.6,Makeup,Premium,0,9,7.0,3125.0,1,1,2,1
TIRA00152,21,Female,Tier 1,₹12L-25L,Influencer,12,2825.0,29.3,Fragrance,Premium,0,4,7.6,2411.0,0,1,5,0
TIRA00153,18,Female,Tier 3,₹3L-6L,App,6,3096.0,37.5,Haircare,Masstige,1,1,5.6,2515.0,0,0,25,0
TIRA00154,26,Female,Tier 1,₹6L-12L,In-Store,8,4590.0,28.9,Haircare,Luxury,0,3,7.8,3927.0,0,1,4,1
TIRA00155,29,Female,Tier 1,₹25L+,App,4,3806.0,36.1,Fragrance,Premium,1,4,5.0,3119.0,0,0,9,0
TIRA00156,44,Female,Tier 1,₹12L-25L,App,8,2515.0,32.5,Fragrance,Masstige,1,4,7.4,2107.0,0,1,29,0
TIRA00157,31,Male,Tier 2,₹6L-12L,Word of Mouth,3,3021.0,38.5,Haircare,Premium,1,2,7.4,2440.0,0,1,8,0
TIRA00158,37,Male,Tier 1,₹12L-25L,App,5,5119.0,9.2,Haircare,Masstige,0,3,8.4,4883.0,1,1,5,1
TIRA00159,26,Female,Tier 2,₹6L-12L,Influencer,8,2831.0,4.9,Makeup,Premium,0,0,8.1,2762.0,1,1,17,1
TIRA00160,20,Female,Tier 2,₹3L-6L,In-Store,2,3248.0,61.6,Haircare,Premium,1,1,5.9,2248.0,0,0,15,0
TIRA00161,22,Female,Tier 2,₹12L-25L,In-Store,12,3997.0,56.4,Makeup,Premium,1,4,5.3,2870.0,0,0,5,0
TIRA00162,24,Female,Tier 1,₹6L-12L,In-Store,3,3458.0,33.6,Wellness,Masstige,1,5,5.5,2877.0,0,0,15,0
TIRA00163,47,Female,Tier 1,₹6L-12L,In-Store,6,2753.0,25.0,Makeup,Premium,0,2,7.2,2409.0,0,1,30,0
TIRA00164,23,Female,Tier 1,₹3L-6L,Influencer,7,2308.0,43.5,Skincare,Premium,1,4,6.3,1806.0,0,0,35,0
TIRA00165,36,Female,Tier 1,₹12L-25L,Word of Mouth,9,3188.0,39.7,Makeup,Premium,1,2,7.3,2555.0,0,1,3,1
TIRA00166,22,Non-binary,Tier 2,₹3L-6L,In-Store,5,3990.0,55.3,Makeup,Premium,1,3,5.6,2886.0,0,0,25,0
TIRA00167,37,Female,Tier 1,₹12L-25L,Word of Mouth,8,4785.0,17.8,Makeup,Premium,0,4,7.4,4358.0,1,1,25,1
TIRA00168,33,Male,Tier 1,₹6L-12L,Influencer,8,1442.0,21.8,Makeup,Premium,0,1,7.4,1285.0,1,1,27,0
TIRA00169,28,Female,Tier 1,₹12L-25L,Influencer,10,5315.0,26.1,Luxury Tools,Masstige,0,3,7.5,4620.0,0,1,27,0
TIRA00170,29,Male,Tier 2,₹6L-12L,App,10,2854.0,56.7,Skincare,Masstige,1,3,6.7,2045.0,0,0,24,0
TIRA00171,24,Female,Tier 1,₹6L-12L,App,11,4310.0,49.2,Wellness,Premium,1,1,5.1,3249.0,0,0,31,0
TIRA00172,33,Female,Tier 2,₹12L-25L,Paid Ad,11,2315.0,29.5,Haircare,Luxury,0,1,7.5,1973.0,0,1,10,0
TIRA00173,26,Male,Tier 1,₹12L-25L,Influencer,7,1267.0,22.0,Skincare,Premium,0,3,6.9,1128.0,1,0,5,0
TIRA00174,20,Male,Tier 3,₹6L-12L,In-Store,6,1624.0,15.8,Skincare,Premium,0,1,8.0,1496.0,1,1,13,1
TIRA00175,19,Female,Tier 2,₹6L-12L,Paid Ad,6,2803.0,45.5,Luxury Tools,Premium,1,2,7.7,2165.0,0,1,7,0
TIRA00176,31,Female,Tier 1,₹6L-12L,In-Store,6,3829.0,5.6,Fragrance,Premium,0,6,5.7,3723.0,1,0,7,1
TIRA00177,42,Female,Tier 1,₹6L-12L,Paid Ad,8,3237.0,63.5,Skincare,Masstige,1,2,6.7,2209.0,0,0,2,0
TIRA00178,31,Female,Tier 1,₹12L-25L,In-Store,8,2900.0,35.1,Makeup,Premium,1,3,6.5,2391.0,0,0,19,0
TIRA00179,29,Female,Tier 1,₹3L-6L,Word of Mouth,11,4542.0,60.5,Skincare,Premium,1,1,4.7,3167.0,0,0,29,0
TIRA00180,32,Male,Tier 1,₹12L-25L,App,9,3202.0,49.5,Makeup,Masstige,1,3,5.6,2410.0,0,0,3,0
TIRA00181,40,Female,Tier 3,₹3L-6L,App,12,3536.0,80.0,Skincare,Luxury,1,1,3.8,2121.0,0,0,24,0
TIRA00182,31,Female,Tier 2,₹6L-12L,Influencer,5,6933.0,22.5,Makeup,Luxury,0,3,7.6,6154.0,1,1,32,1
TIRA00183,26,Female,Tier 1,₹6L-12L,App,11,3190.0,26.0,Makeup,Masstige,0,1,5.9,2775.0,0,0,17,0
TIRA00184,38,Female,Tier 2,₹6L-12L,Word of Mouth,9,2365.0,47.1,Makeup,Masstige,1,4,7.3,1808.0,0,1,7,0
TIRA00185,33,Female,Tier 1,₹6L-12L,Influencer,9,3777.0,35.5,Skincare,Premium,1,0,7.3,3106.0,0,1,24,0
TIRA00186,42,Female,Tier 3,₹25L+,App,6,4081.0,47.4,Haircare,Luxury,1,3,6.3,3113.0,0,0,8,0
TIRA00187,31,Female,Tier 1,₹6L-12L,App,9,3561.0,9.3,Fragrance,Luxury,0,2,5.6,3396.0,1,0,5,1
TIRA00188,20,Female,Tier 2,₹12L-25L,Word of Mouth,8,3388.0,30.4,Haircare,Luxury,1,4,5.5,2873.0,0,0,17,0
TIRA00189,19,Male,Tier 2,₹6L-12L,Influencer,13,4979.0,4.7,Luxury Tools,Premium,0,5,7.7,4861.0,1,1,1,1
TIRA00190,43,Male,Tier 1,₹6L-12L,Paid Ad,11,4829.0,5.8,Fragrance,Luxury,0,5,7.7,4688.0,1,1,12,1
TIRA00191,43,Male,Tier 1,₹3L-6L,App,5,3059.0,56.8,Skincare,Premium,1,2,6.7,2190.0,0,0,28,0
TIRA00192,28,Female,Tier 1,₹6L-12L,Word of Mouth,5,2428.0,29.5,Skincare,Masstige,0,4,3.9,2070.0,0,0,6,0
TIRA00193,26,Female,Tier 3,₹12L-25L,In-Store,4,3715.0,47.6,Haircare,Premium,1,3,5.3,2831.0,0,0,19,0
TIRA00194,41,Female,Tier 1,₹12L-25L,Influencer,8,2421.0,35.3,Haircare,Premium,1,3,7.4,1993.0,0,1,35,0
TIRA00195,21,Female,Tier 2,₹12L-25L,In-Store,11,4262.0,55.8,Wellness,Luxury,1,3,5.4,3073.0,0,0,8,0
TIRA00196,22,Female,Tier 2,₹12L-25L,App,10,3709.0,24.7,Skincare,Premium,0,1,6.5,3251.0,1,0,10,0
TIRA00197,35,Female,Tier 2,₹6L-12L,Word of Mouth,11,6404.0,17.1,Skincare,Luxury,0,1,5.7,5857.0,1,0,25,1
TIRA00198,26,Female,Tier 1,₹3L-6L,Word of Mouth,8,4968.0,59.6,Fragrance,Premium,1,3,6.7,3487.0,0,0,26,0
TIRA00199,29,Female,Tier 1,₹12L-25L,In-Store,9,1906.0,9.3,Fragrance,Masstige,0,1,7.1,1817.0,1,1,18,1
TIRA00200,28,Female,Tier 2,₹6L-12L,Word of Mouth,9,2577.0,36.7,Makeup,Luxury,1,1,7.6,2105.0,0,1,26,1
TIRA00201,32,Female,Tier 1,₹3L-6L,App,6,903.0,25.4,Makeup,Premium,0,3,8.4,788.0,0,1,23,0
TIRA00202,41,Female,Tier 3,₹25L+,App,12,635.0,22.0,Fragrance,Masstige,0,1,8.4,565.0,1,1,9,0
TIRA00203,30,Female,Tier 1,₹25L+,App,3,3337.0,32.4,Makeup,Premium,1,2,6.7,2795.0,0,0,29,0
TIRA00204,35,Female,Tier 1,₹12L-25L,In-Store,4,1769.0,23.5,Fragrance,Luxury,0,3,6.6,1561.0,1,0,10,0
TIRA00205,18,Female,Tier 2,₹6L-12L,App,10,5169.0,12.0,Luxury Tools,Luxury,0,2,7.0,4859.0,1,0,24,1
TIRA00206,29,Female,Tier 1,₹12L-25L,In-Store,5,4589.0,13.2,Skincare,Luxury,0,5,9.4,4286.0,1,1,19,1
TIRA00207,23,Male,Tier 1,₹6L-12L,App,7,2874.0,26.5,Skincare,Premium,0,3,6.7,2493.0,0,0,19,0
TIRA00208,20,Female,Tier 1,₹6L-12L,Influencer,18,2806.0,67.6,Luxury Tools,Luxury,1,0,6.4,1858.0,0,0,31,0
TIRA00209,22,Female,Tier 1,₹6L-12L,Paid Ad,11,4982.0,19.0,Makeup,Masstige,0,5,7.7,4508.0,1,1,32,1
TIRA00210,27,Non-binary,Tier 2,₹25L+,Influencer,10,5258.0,28.8,Skincare,Premium,0,7,6.4,4500.0,0,0,26,0
TIRA00211,37,Female,Tier 1,₹25L+,App,9,2081.0,31.4,Makeup,Premium,1,5,6.5,1754.0,0,0,21,0
TIRA00212,19,Male,Tier 1,₹12L-25L,Paid Ad,7,1927.0,16.2,Makeup,Luxury,0,2,8.5,1771.0,1,1,11,1
TIRA00213,30,Male,Tier 1,₹3L-6L,App,7,2839.0,59.6,Skincare,Masstige,1,2,5.6,1993.0,0,0,26,0
TIRA00214,26,Female,Tier 3,₹6L-12L,Paid Ad,5,3717.0,35.9,Haircare,Luxury,1,3,6.1,3051.0,0,0,2,0
TIRA00215,27,Female,Tier 1,₹6L-12L,Influencer,7,2584.0,27.2,Skincare,Premium,0,6,6.1,2233.0,0,0,4,0
TIRA00216,38,Female,Tier 3,₹25L+,In-Store,8,3743.0,60.9,Skincare,Masstige,1,3,5.9,2602.0,0,0,22,0
TIRA00217,34,Non-binary,Tier 3,₹3L-6L,App,7,5540.0,48.2,Skincare,Premium,1,1,5.6,4206.0,0,0,10,0
TIRA00218,40,Female,Tier 1,₹3L-6L,Paid Ad,8,1513.0,79.0,Makeup,Masstige,1,1,5.4,915.0,0,0,17,0
TIRA00219,28,Female,Tier 2,₹12L-25L,Word of Mouth,7,2665.0,33.2,Fragrance,Premium,1,4,9.2,2223.0,0,1,33,0
TIRA00220,24,Female,Tier 2,₹6L-12L,Influencer,6,1536.0,39.1,Makeup,Premium,1,5,7.0,1236.0,0,0,13,0
TIRA00221,28,Female,Tier 1,₹12L-25L,Word of Mouth,8,2196.0,67.5,Fragrance,Luxury,1,4,7.1,1455.0,0,1,15,0
TIRA00222,31,Male,Tier 1,₹3L-6L,Word of Mouth,7,2846.0,80.0,Skincare,Premium,1,5,4.1,1708.0,0,0,23,0
TIRA00223,31,Female,Tier 2,₹12L-25L,App,8,2327.0,3.6,Makeup,Luxury,0,1,8.5,2285.0,1,1,26,1
TIRA00224,21,Male,Tier 2,₹3L-6L,Influencer,11,3824.0,39.5,Makeup,Premium,1,5,7.7,3068.0,0,1,34,0
TIRA00225,30,Male,Tier 2,₹3L-6L,In-Store,7,3381.0,43.1,Fragrance,Luxury,1,8,7.7,2653.0,0,1,12,1
TIRA00226,31,Female,Tier 3,₹6L-12L,In-Store,9,3559.0,1.9,Makeup,Luxury,0,1,9.2,3526.0,1,1,32,1
TIRA00227,50,Female,Tier 1,₹6L-12L,App,8,2832.0,7.9,Fragrance,Premium,0,2,7.7,2721.0,1,1,8,1
TIRA00228,45,Male,Tier 2,₹12L-25L,Word of Mouth,8,2942.0,10.3,Skincare,Masstige,0,2,8.5,2791.0,1,1,24,1
TIRA00229,23,Male,Tier 3,₹3L-6L,Influencer,8,2779.0,16.4,Luxury Tools,Luxury,0,2,6.3,2551.0,1,0,3,1
TIRA00230,27,Male,Tier 1,₹3L-6L,App,8,2902.0,40.2,Fragrance,Luxury,1,2,8.0,2318.0,0,1,34,1
TIRA00231,18,Female,Tier 1,₹12L-25L,In-Store,9,3703.0,26.7,Luxury Tools,Luxury,0,4,6.0,3208.0,0,0,28,0
TIRA00232,25,Female,Tier 1,₹6L-12L,In-Store,14,892.0,39.6,Skincare,Masstige,1,2,7.7,715.0,0,1,14,0
TIRA00233,32,Female,Tier 3,₹12L-25L,Influencer,6,3546.0,38.5,Skincare,Luxury,1,1,7.5,2864.0,0,1,32,1
TIRA00234,39,Male,Tier 1,₹12L-25L,Word of Mouth,9,2158.0,17.1,Makeup,Masstige,0,5,8.4,1973.0,1,1,4,1
TIRA00235,24,Female,Tier 2,₹3L-6L,In-Store,5,2793.0,47.5,Makeup,Premium,1,1,8.2,2130.0,0,1,13,0
TIRA00236,24,Female,Tier 1,₹12L-25L,In-Store,12,1326.0,30.6,Haircare,Premium,1,1,7.8,1123.0,0,1,16,0
TIRA00237,18,Female,Tier 1,₹6L-12L,Influencer,7,2770.0,23.6,Skincare,Premium,0,2,5.7,2443.0,1,0,24,0
TIRA00238,28,Female,Tier 2,₹6L-12L,In-Store,4,3533.0,46.9,Makeup,Masstige,1,4,6.7,2706.0,0,0,24,0
TIRA00239,21,Female,Tier 1,₹3L-6L,In-Store,5,3749.0,26.4,Skincare,Premium,0,4,5.1,3254.0,0,0,2,0
TIRA00240,25,Female,Tier 3,₹12L-25L,App,12,1776.0,32.4,Makeup,Masstige,1,3,6.6,1489.0,0,0,29,0
TIRA00241,22,Female,Tier 1,₹12L-25L,App,12,3691.0,27.0,Skincare,Premium,0,3,6.5,3193.0,0,0,6,0
TIRA00242,29,Male,Tier 3,₹12L-25L,In-Store,7,4568.0,35.1,Luxury Tools,Masstige,1,4,7.2,3767.0,0,1,33,0
TIRA00243,18,Male,Tier 1,₹25L+,Word of Mouth,12,2608.0,42.5,Skincare,Premium,1,3,5.5,2053.0,0,0,15,0
TIRA00244,18,Female,Tier 3,₹6L-12L,In-Store,7,3201.0,24.9,Makeup,Premium,0,4,6.2,2802.0,1,0,19,0
TIRA00245,47,Female,Tier 2,₹25L+,App,3,718.0,47.2,Skincare,Luxury,1,3,6.6,548.0,0,0,14,0
TIRA00246,19,Non-binary,Tier 1,₹12L-25L,Influencer,7,2124.0,25.2,Skincare,Premium,0,4,8.2,1856.0,0,1,14,0
TIRA00247,21,Female,Tier 1,₹25L+,Word of Mouth,5,3525.0,52.5,Makeup,Premium,1,2,5.9,2600.0,0,0,16,0
TIRA00248,44,Female,Tier 1,₹25L+,In-Store,8,4347.0,8.0,Skincare,Luxury,0,0,10.0,4174.0,1,1,10,1
TIRA00249,53,Female,Tier 2,₹25L+,App,12,2481.0,43.0,Makeup,Luxury,1,3,5.9,1947.0,0,0,32,0
TIRA00250,20,Female,Tier 2,₹3L-6L,Influencer,6,6403.0,55.1,Skincare,Premium,1,4,6.5,4640.0,0,0,22,0
TIRA00251,27,Female,Tier 1,₹12L-25L,In-Store,11,3577.0,21.6,Haircare,Premium,0,2,7.5,3191.0,1,1,16,1
TIRA00252,32,Male,Tier 1,₹12L-25L,Influencer,10,1672.0,8.3,Fragrance,Masstige,0,3,7.3,1602.0,1,1,25,0
TIRA00253,43,Female,Tier 2,₹12L-25L,App,6,4745.0,23.6,Haircare,Premium,0,3,8.4,4185.0,1,1,3,0
TIRA00254,22,Female,Tier 1,₹6L-12L,App,6,1696.0,40.4,Skincare,Luxury,1,0,5.5,1354.0,0,0,23,0
TIRA00255,28,Male,Tier 2,₹25L+,In-Store,9,3594.0,21.8,Makeup,Luxury,0,1,5.1,3202.0,1,0,6,0
TIRA00256,36,Male,Tier 1,₹6L-12L,Influencer,12,2085.0,12.4,Skincare,Masstige,0,2,7.4,1956.0,1,1,7,0
TIRA00257,33,Male,Tier 2,₹6L-12L,In-Store,10,1571.0,27.2,Makeup,Masstige,0,5,6.7,1358.0,0,0,24,0
TIRA00258,26,Female,Tier 3,₹12L-25L,App,3,4355.0,63.7,Fragrance,Luxury,1,6,6.5,2968.0,0,0,16,0
TIRA00259,28,Female,Tier 1,₹6L-12L,In-Store,9,2888.0,5.8,Skincare,Luxury,0,6,6.5,2804.0,1,0,7,1
TIRA00260,19,Female,Tier 1,₹12L-25L,Paid Ad,8,5271.0,16.5,Skincare,Premium,0,2,7.9,4837.0,1,1,3,1
TIRA00261,28,Female,Tier 1,₹3L-6L,App,8,1978.0,40.2,Fragrance,Masstige,1,0,6.8,1581.0,0,0,22,0
TIRA00262,27,Female,Tier 2,₹12L-25L,Influencer,13,1328.0,13.2,Makeup,Premium,0,2,7.8,1241.0,1,1,19,1
TIRA00263,31,Female,Tier 1,₹12L-25L,Influencer,5,2624.0,28.2,Skincare,Premium,0,1,7.9,2254.0,0,1,9,0
TIRA00264,25,Female,Tier 3,₹6L-12L,In-Store,8,6669.0,80.0,Luxury Tools,Premium,1,2,4.8,4001.0,0,0,8,0
TIRA00265,33,Male,Tier 2,₹12L-25L,Word of Mouth,6,4201.0,78.4,Skincare,Masstige,1,4,4.9,2553.0,0,0,26,0
TIRA00266,38,Non-binary,Tier 1,₹6L-12L,Paid Ad,10,3865.0,37.7,Fragrance,Premium,1,2,6.9,3135.0,0,0,32,0
TIRA00267,31,Female,Tier 2,₹12L-25L,In-Store,11,3904.0,26.9,Skincare,Premium,0,2,6.8,3378.0,0,0,33,0
TIRA00268,32,Female,Tier 1,₹25L+,App,6,2618.0,53.7,Wellness,Masstige,1,2,4.5,1915.0,0,0,29,0
TIRA00269,30,Female,Tier 2,₹6L-12L,In-Store,6,6475.0,27.5,Fragrance,Premium,0,2,6.5,5586.0,0,0,9,0
TIRA00270,30,Female,Tier 1,₹12L-25L,App,10,3750.0,31.1,Skincare,Masstige,1,3,6.5,3167.0,0,0,26,0
TIRA00271,24,Female,Tier 2,₹12L-25L,In-Store,2,3637.0,2.2,Wellness,Premium,0,2,7.3,3596.0,1,1,14,1
TIRA00272,32,Female,Tier 3,₹12L-25L,Word of Mouth,10,4382.0,72.0,Skincare,Luxury,1,3,4.8,2805.0,0,0,4,0
TIRA00273,29,Male,Tier 2,₹12L-25L,Paid Ad,8,1672.0,16.3,Fragrance,Premium,0,3,7.5,1535.0,1,1,6,1
TIRA00274,46,Female,Tier 3,₹6L-12L,In-Store,7,2145.0,74.0,Haircare,Masstige,1,3,4.8,1351.0,0,0,16,0
TIRA00275,42,Male,Tier 1,₹12L-25L,In-Store,8,2905.0,13.6,Skincare,Premium,0,5,8.3,2708.0,1,1,10,1
TIRA00276,33,Female,Tier 2,₹6L-12L,App,8,4390.0,20.6,Makeup,Masstige,0,3,8.0,3938.0,1,1,7,0
TIRA00277,23,Female,Tier 2,₹6L-12L,In-Store,10,1642.0,15.3,Skincare,Premium,0,3,5.0,1517.0,1,0,27,0
TIRA00278,21,Female,Tier 2,₹25L+,App,8,3119.0,12.1,Makeup,Masstige,0,2,6.1,2930.0,1,0,2,0
TIRA00279,39,Female,Tier 1,₹3L-6L,Word of Mouth,8,2949.0,33.9,Makeup,Luxury,1,4,4.2,2450.0,0,0,34,0
TIRA00280,32,Female,Tier 1,₹12L-25L,Paid Ad,12,1311.0,51.3,Makeup,Masstige,1,4,5.7,975.0,0,0,15,0
TIRA00281,33,Non-binary,Tier 2,₹6L-12L,App,7,2589.0,5.3,Fragrance,Luxury,0,4,7.5,2521.0,1,1,12,1
TIRA00282,18,Female,Tier 1,₹12L-25L,Influencer,16,3851.0,24.0,Luxury Tools,Premium,0,2,7.2,3389.0,1,1,11,0
TIRA00283,37,Female,Tier 2,₹12L-25L,Influencer,9,1420.0,35.5,Makeup,Premium,1,2,7.4,1168.0,0,1,24,0
TIRA00284,33,Female,Tier 2,₹6L-12L,Paid Ad,13,4894.0,25.0,Haircare,Luxury,0,5,7.0,4283.0,1,0,33,0
TIRA00285,21,Female,Tier 3,₹6L-12L,In-Store,8,3762.0,36.8,Skincare,Premium,1,2,5.9,3069.0,0,0,10,0
TIRA00286,26,Female,Tier 1,₹6L-12L,App,9,3615.0,37.7,Wellness,Premium,1,2,6.5,2934.0,0,0,33,0
TIRA00287,32,Female,Tier 3,₹25L+,Influencer,5,3210.0,20.6,Fragrance,Luxury,0,2,6.7,2879.0,1,0,32,0
TIRA00288,30,Male,Tier 1,₹12L-25L,App,10,1889.0,7.3,Luxury Tools,Masstige,0,1,6.2,1821.0,1,0,33,0
TIRA00289,27,Female,Tier 1,₹6L-12L,Influencer,8,2420.0,47.4,Haircare,Masstige,1,1,7.1,1846.0,0,1,22,0
TIRA00290,29,Female,Tier 2,₹12L-25L,App,6,3634.0,41.8,Skincare,Luxury,1,2,6.8,2875.0,0,0,1,0
TIRA00291,27,Female,Tier 1,₹6L-12L,Influencer,4,2418.0,5.5,Skincare,Masstige,0,7,9.2,2352.0,1,1,11,1
TIRA00292,31,Male,Tier 1,₹6L-12L,Paid Ad,9,3426.0,11.3,Makeup,Luxury,0,3,6.3,3232.0,1,0,19,1
TIRA00293,41,Female,Tier 1,₹6L-12L,App,13,2121.0,25.5,Skincare,Premium,0,2,5.4,1851.0,0,0,28,0
TIRA00294,18,Female,Tier 1,₹6L-12L,In-Store,7,3742.0,28.2,Makeup,Premium,0,5,5.9,3214.0,0,0,1,0
TIRA00295,28,Female,Tier 2,₹12L-25L,Influencer,5,3831.0,6.9,Makeup,Premium,0,3,8.1,3698.0,1,1,21,1
TIRA00296,31,Female,Tier 1,₹25L+,App,8,1247.0,50.3,Haircare,Premium,1,5,6.8,933.0,0,0,22,0
TIRA00297,32,Female,Tier 1,₹25L+,Influencer,11,3281.0,10.0,Makeup,Luxury,0,4,7.9,3116.0,1,1,2,1
TIRA00298,27,Male,Tier 2,₹25L+,Influencer,7,1374.0,6.4,Skincare,Masstige,0,5,7.9,1330.0,1,1,18,0
TIRA00299,18,Female,Tier 1,₹6L-12L,In-Store,9,967.0,16.4,Haircare,Premium,0,4,8.2,887.0,1,1,15,1
TIRA00300,32,Male,Tier 2,₹6L-12L,Paid Ad,7,2487.0,22.1,Skincare,Masstige,0,0,6.7,2212.0,1,0,16,0
TIRA00301,43,Female,Tier 3,₹12L-25L,In-Store,5,6556.0,58.3,Skincare,Masstige,1,3,6.7,4644.0,0,0,27,0
TIRA00302,18,Male,Tier 2,₹25L+,Influencer,4,4130.0,42.5,Makeup,Masstige,1,3,8.3,3252.0,0,1,2,0
TIRA00303,36,Male,Tier 3,₹12L-25L,App,11,4871.0,64.5,Skincare,Premium,1,2,4.4,3300.0,0,0,27,0
TIRA00304,27,Female,Tier 1,₹6L-12L,App,2,3930.0,26.7,Skincare,Premium,0,2,6.7,3406.0,0,0,4,0
TIRA00305,29,Female,Tier 2,₹12L-25L,App,7,3447.0,28.6,Skincare,Masstige,0,5,5.5,2953.0,0,0,25,0
TIRA00306,21,Female,Tier 1,₹12L-25L,Word of Mouth,9,4274.0,29.3,Skincare,Luxury,0,2,5.9,3648.0,0,0,11,0
TIRA00307,27,Male,Tier 1,₹25L+,Paid Ad,8,2433.0,24.1,Skincare,Premium,0,4,7.4,2139.0,1,1,19,0
TIRA00308,40,Female,Tier 2,₹12L-25L,Paid Ad,9,3765.0,14.9,Makeup,Luxury,0,2,5.7,3484.0,1,0,9,1
TIRA00309,34,Female,Tier 1,₹6L-12L,App,8,4613.0,2.8,Fragrance,Masstige,0,2,7.1,4548.0,1,1,35,1
TIRA00310,43,Female,Tier 3,₹6L-12L,In-Store,6,4039.0,77.2,Skincare,Premium,1,3,6.0,2481.0,0,0,7,0
TIRA00311,39,Male,Tier 2,₹6L-12L,Paid Ad,8,4691.0,12.3,Skincare,Premium,0,7,7.7,4402.0,1,1,15,1
TIRA00312,33,Female,Tier 3,₹6L-12L,Influencer,10,3419.0,41.6,Skincare,Premium,1,2,7.1,2708.0,0,1,30,1
TIRA00313,43,Female,Tier 1,₹25L+,App,5,5230.0,26.1,Skincare,Luxury,0,2,5.7,4549.0,0,0,14,0
TIRA00314,33,Non-binary,Tier 1,₹12L-25L,Paid Ad,7,2950.0,26.4,Makeup,Premium,0,3,7.0,2561.0,0,1,1,0
TIRA00315,36,Female,Tier 2,₹6L-12L,App,11,5741.0,19.5,Makeup,Premium,0,3,9.1,5182.0,1,1,8,1
TIRA00316,27,Male,Tier 1,₹6L-12L,App,12,3888.0,32.2,Haircare,Premium,1,3,6.1,3263.0,0,0,8,0
TIRA00317,30,Female,Tier 1,₹12L-25L,Word of Mouth,4,2739.0,54.4,Haircare,Premium,1,0,5.3,1995.0,0,0,3,0
TIRA00318,24,Female,Tier 2,₹12L-25L,In-Store,10,1785.0,35.1,Luxury Tools,Masstige,1,3,7.2,1472.0,0,1,33,0
TIRA00319,37,Male,Tier 3,₹3L-6L,In-Store,4,2230.0,69.8,Luxury Tools,Premium,1,1,4.3,1452.0,0,0,29,0
TIRA00320,20,Female,Tier 2,₹25L+,Influencer,12,2049.0,7.9,Skincare,Luxury,0,4,8.4,1968.0,1,1,31,1
TIRA00321,36,Female,Tier 1,₹6L-12L,Word of Mouth,9,3094.0,59.5,Skincare,Masstige,1,1,3.8,2172.0,0,0,20,0
TIRA00322,28,Female,Tier 1,₹6L-12L,App,9,1671.0,33.6,Makeup,Premium,1,5,4.2,1390.0,0,0,13,0
TIRA00323,39,Female,Tier 2,₹6L-12L,Paid Ad,8,4751.0,42.7,Makeup,Luxury,1,1,6.6,3736.0,0,0,30,0
TIRA00324,36,Female,Tier 1,₹12L-25L,In-Store,6,3333.0,24.1,Makeup,Premium,0,2,6.1,2931.0,1,0,29,0
TIRA00325,44,Female,Tier 1,₹12L-25L,App,7,3284.0,79.6,Makeup,Premium,1,2,4.2,1977.0,0,0,26,0
TIRA00326,35,Female,Tier 1,₹25L+,In-Store,6,1802.0,35.4,Wellness,Masstige,1,0,7.5,1483.0,0,1,6,0
TIRA00327,18,Female,Tier 1,₹3L-6L,In-Store,12,2277.0,19.8,Makeup,Masstige,0,3,7.8,2052.0,1,1,30,0
TIRA00328,29,Female,Tier 1,₹25L+,App,9,536.0,9.9,Luxury Tools,Premium,0,2,6.4,509.0,1,0,23,0
TIRA00329,20,Female,Tier 1,₹12L-25L,In-Store,8,5141.0,4.4,Wellness,Premium,0,0,8.3,5028.0,1,1,25,1
TIRA00330,25,Female,Tier 2,₹6L-12L,Influencer,5,1499.0,39.2,Makeup,Premium,1,3,6.1,1205.0,0,0,31,0
TIRA00331,42,Female,Tier 1,₹6L-12L,Influencer,3,1590.0,20.7,Skincare,Premium,0,5,7.6,1426.0,1,1,10,0
TIRA00332,35,Male,Tier 2,₹6L-12L,Influencer,14,4896.0,43.7,Skincare,Premium,1,5,6.2,3826.0,0,0,17,0
TIRA00333,24,Female,Tier 1,₹25L+,Paid Ad,6,3665.0,49.8,Makeup,Masstige,1,1,4.5,2753.0,0,0,12,0
TIRA00334,21,Female,Tier 3,₹6L-12L,In-Store,8,3345.0,29.9,Fragrance,Premium,0,1,6.1,2845.0,0,0,6,0
TIRA00335,30,Female,Tier 1,₹6L-12L,In-Store,7,3608.0,8.0,Wellness,Premium,0,1,5.3,3465.0,1,0,18,0
TIRA00336,20,Male,Tier 1,₹12L-25L,In-Store,8,4345.0,60.6,Skincare,Premium,1,5,5.8,3027.0,0,0,21,0
TIRA00337,24,Female,Tier 1,₹25L+,Influencer,11,3320.0,22.6,Skincare,Premium,0,1,7.5,2945.0,1,1,10,1
TIRA00338,32,Female,Tier 1,₹12L-25L,App,5,1348.0,46.3,Fragrance,Premium,1,3,5.4,1036.0,0,0,27,0
TIRA00339,39,Female,Tier 1,₹12L-25L,In-Store,9,4080.0,17.1,Makeup,Premium,0,2,7.2,3731.0,1,1,11,1
TIRA00340,34,Female,Tier 2,₹6L-12L,App,2,3707.0,9.0,Haircare,Luxury,0,2,6.7,3541.0,1,0,31,1
TIRA00341,18,Male,Tier 3,₹25L+,In-Store,11,4606.0,47.5,Skincare,Premium,1,5,7.4,3512.0,0,1,26,0
TIRA00342,32,Non-binary,Tier 1,₹6L-12L,Word of Mouth,8,1701.0,27.0,Skincare,Premium,0,5,5.6,1472.0,0,0,14,0
TIRA00343,30,Female,Tier 1,₹3L-6L,Influencer,6,2325.0,43.6,Skincare,Masstige,1,2,5.9,1818.0,0,0,26,0
TIRA00344,33,Male,Tier 2,₹25L+,In-Store,5,3671.0,14.5,Skincare,Luxury,0,3,6.1,3405.0,1,0,10,1
TIRA00345,42,Female,Tier 2,₹6L-12L,Influencer,11,2067.0,16.8,Makeup,Premium,0,2,7.6,1893.0,1,1,21,1
TIRA00346,18,Female,Tier 1,₹3L-6L,Influencer,4,500.0,80.0,Skincare,Masstige,1,5,5.8,300.0,0,0,24,0
TIRA00347,25,Male,Tier 2,₹12L-25L,In-Store,8,3437.0,58.6,Makeup,Masstige,1,3,3.6,2430.0,0,0,8,0
TIRA00348,34,Female,Tier 1,₹6L-12L,In-Store,6,4274.0,24.9,Fragrance,Luxury,0,0,7.7,3742.0,1,1,9,1
TIRA00349,18,Female,Tier 2,₹3L-6L,Influencer,6,3045.0,8.3,Skincare,Premium,0,1,9.3,2919.0,1,1,5,1
TIRA00350,41,Female,Tier 1,₹12L-25L,App,7,3858.0,16.7,Fragrance,Luxury,0,4,7.5,3535.0,1,1,9,1
TIRA00351,32,Non-binary,Tier 1,₹12L-25L,In-Store,5,3684.0,23.9,Skincare,Premium,0,4,6.4,3245.0,1,0,25,0
TIRA00352,36,Female,Tier 1,₹12L-25L,In-Store,11,3213.0,46.1,Haircare,Luxury,1,3,6.1,2471.0,0,0,7,0
TIRA00353,25,Female,Tier 2,₹6L-12L,Paid Ad,11,3363.0,23.7,Skincare,Premium,0,6,6.5,2965.0,1,0,32,0
TIRA00354,36,Female,Tier 1,₹12L-25L,Word of Mouth,10,4819.0,30.4,Fragrance,Premium,1,7,8.8,4088.0,0,1,13,1
TIRA00355,38,Female,Tier 2,₹12L-25L,Paid Ad,6,2043.0,19.5,Skincare,Masstige,0,4,8.1,1844.0,1,1,11,1
TIRA00356,31,Female,Tier 2,₹6L-12L,In-Store,7,4128.0,13.9,Makeup,Premium,0,4,8.3,3841.0,1,1,16,1
TIRA00357,31,Male,Tier 2,₹6L-12L,App,6,1783.0,49.4,Wellness,Premium,1,1,8.2,1342.0,0,1,23,0
TIRA00358,32,Male,Tier 1,₹3L-6L,Influencer,7,2246.0,80.0,Skincare,Masstige,1,1,6.1,1348.0,0,0,26,0
TIRA00359,23,Male,Tier 1,₹12L-25L,Paid Ad,12,4635.0,57.1,Haircare,Masstige,1,1,5.6,3311.0,0,0,24,0
TIRA00360,28,Male,Tier 1,₹6L-12L,Word of Mouth,3,1748.0,27.0,Haircare,Premium,0,0,6.9,1512.0,0,0,4,0
TIRA00361,28,Female,Tier 2,₹12L-25L,Paid Ad,10,2910.0,37.4,Skincare,Masstige,1,6,8.9,2365.0,0,1,31,0
TIRA00362,33,Female,Tier 3,₹25L+,App,12,6034.0,10.3,Skincare,Premium,0,4,6.8,5723.0,1,0,15,0
TIRA00363,37,Female,Tier 1,₹6L-12L,Influencer,4,4431.0,20.9,Fragrance,Premium,0,3,7.0,3968.0,1,0,31,0
TIRA00364,21,Female,Tier 3,₹12L-25L,Paid Ad,6,2315.0,22.0,Luxury Tools,Luxury,0,3,6.1,2061.0,1,0,24,0
TIRA00365,28,Male,Tier 1,₹6L-12L,Influencer,7,2521.0,34.6,Skincare,Premium,1,2,4.8,2085.0,0,0,3,0
TIRA00366,41,Female,Tier 1,₹3L-6L,Influencer,6,2996.0,26.0,Fragrance,Premium,0,1,6.1,2606.0,0,0,20,0
TIRA00367,24,Non-binary,Tier 1,₹12L-25L,In-Store,5,4774.0,26.8,Fragrance,Premium,0,2,6.1,4134.0,0,0,30,0
TIRA00368,23,Female,Tier 2,₹6L-12L,Influencer,3,1998.0,26.5,Makeup,Premium,0,3,6.3,1733.0,0,0,28,0
TIRA00369,31,Female,Tier 1,₹25L+,App,13,1925.0,6.0,Fragrance,Premium,0,3,8.4,1868.0,1,1,26,1
TIRA00370,36,Female,Tier 1,₹12L-25L,App,3,4056.0,23.5,Skincare,Premium,0,2,7.0,3579.0,1,1,32,0
TIRA00371,30,Female,Tier 2,₹6L-12L,Paid Ad,7,1183.0,11.0,Makeup,Masstige,0,3,8.6,1117.0,1,1,20,1
TIRA00372,40,Female,Tier 1,₹6L-12L,Word of Mouth,9,2107.0,23.9,Wellness,Premium,0,2,7.2,1855.0,1,1,8,0
TIRA00373,36,Female,Tier 1,₹6L-12L,Paid Ad,5,3098.0,42.4,Haircare,Premium,1,4,6.5,2442.0,0,0,1,0
TIRA00374,36,Female,Tier 1,₹25L+,In-Store,9,3159.0,19.8,Skincare,Premium,0,1,6.9,2846.0,1,0,32,0
TIRA00375,34,Male,Tier 1,₹12L-25L,App,7,1562.0,32.0,Makeup,Luxury,1,3,8.7,1312.0,0,1,23,0
TIRA00376,48,Female,Tier 1,₹6L-12L,App,6,3624.0,18.5,Skincare,Premium,0,0,6.8,3290.0,1,0,31,1
TIRA00377,28,Female,Tier 1,₹12L-25L,Paid Ad,8,3865.0,6.4,Skincare,Masstige,0,0,8.7,3741.0,1,1,28,1
TIRA00378,18,Male,Tier 2,₹12L-25L,Influencer,14,2405.0,24.2,Skincare,Premium,0,2,5.8,2114.0,1,0,13,0
TIRA00379,42,Female,Tier 1,₹12L-25L,Word of Mouth,5,5193.0,13.7,Skincare,Premium,0,5,7.2,4837.0,1,1,6,1
TIRA00380,26,Male,Tier 2,₹3L-6L,In-Store,7,3608.0,16.1,Makeup,Luxury,0,4,9.4,3318.0,1,1,29,1
TIRA00381,30,Male,Tier 1,₹3L-6L,Influencer,9,1994.0,12.5,Skincare,Luxury,0,5,8.2,1869.0,1,1,30,1
TIRA00382,40,Female,Tier 1,₹3L-6L,Paid Ad,5,5145.0,43.0,Haircare,Premium,1,5,4.9,4039.0,0,0,19,0
TIRA00383,18,Female,Tier 1,₹6L-12L,App,6,2572.0,55.3,Fragrance,Luxury,1,2,4.8,1861.0,0,0,9,0
TIRA00384,19,Female,Tier 1,₹6L-12L,Word of Mouth,9,3415.0,61.7,Makeup,Masstige,1,3,7.1,2362.0,0,1,29,0
TIRA00385,18,Male,Tier 1,₹3L-6L,Influencer,7,2616.0,19.9,Skincare,Masstige,0,1,7.3,2355.0,1,1,30,0
TIRA00386,23,Male,Tier 1,₹6L-12L,App,10,3949.0,12.4,Wellness,Masstige,0,3,7.2,3704.0,1,1,27,1
TIRA00387,33,Female,Tier 3,₹6L-12L,App,6,2622.0,53.9,Skincare,Premium,1,3,5.1,1916.0,0,0,19,0
TIRA00388,34,Female,Tier 2,₹3L-6L,Paid Ad,8,2695.0,43.3,Makeup,Premium,1,2,5.9,2111.0,0,0,34,0
TIRA00389,32,Female,Tier 1,₹25L+,Influencer,8,3008.0,29.5,Skincare,Masstige,0,3,8.2,2564.0,0,1,34,1
TIRA00390,18,Female,Tier 2,₹12L-25L,Paid Ad,7,2598.0,42.2,Luxury Tools,Masstige,1,2,5.6,2050.0,0,0,8,0
TIRA00391,18,Non-binary,Tier 2,₹6L-12L,Paid Ad,9,4486.0,47.3,Skincare,Masstige,1,4,5.5,3426.0,0,0,11,0
TIRA00392,30,Female,Tier 2,₹12L-25L,In-Store,7,1691.0,23.4,Wellness,Luxury,0,2,7.7,1493.0,1,1,26,0
TIRA00393,26,Female,Tier 1,₹6L-12L,Paid Ad,8,3155.0,25.7,Wellness,Premium,0,3,5.9,2750.0,0,0,6,0
TIRA00394,33,Female,Tier 1,₹25L+,Word of Mouth,9,3307.0,17.8,Luxury Tools,Premium,0,2,6.4,3012.0,1,0,1,1
TIRA00395,35,Male,Tier 1,₹12L-25L,App,14,3050.0,13.9,Fragrance,Luxury,0,3,7.5,2839.0,1,1,19,1
TIRA00396,31,Non-binary,Tier 1,₹6L-12L,Paid Ad,8,4362.0,57.5,Haircare,Premium,1,2,5.7,3109.0,0,0,33,0
TIRA00397,36,Female,Tier 1,₹25L+,In-Store,7,1395.0,32.2,Wellness,Masstige,1,5,5.9,1171.0,0,0,31,0
TIRA00398,31,Female,Tier 3,₹12L-25L,In-Store,5,3882.0,30.2,Skincare,Luxury,1,0,7.3,3296.0,0,1,7,1
TIRA00399,34,Female,Tier 3,₹12L-25L,In-Store,8,1706.0,41.3,Fragrance,Premium,1,3,6.6,1354.0,0,0,8,0
TIRA00400,24,Female,Tier 1,₹6L-12L,Paid Ad,11,2589.0,34.1,Skincare,Premium,1,5,4.7,2148.0,0,0,14,0
TIRA00401,28,Female,Tier 1,₹6L-12L,App,5,1583.0,20.3,Makeup,Luxury,0,5,8.0,1422.0,1,1,33,0
TIRA00402,31,Female,Tier 1,₹12L-25L,In-Store,6,2801.0,14.7,Makeup,Masstige,0,2,6.8,2596.0,1,0,30,0
TIRA00403,36,Female,Tier 1,₹6L-12L,Influencer,8,2506.0,6.2,Wellness,Premium,0,2,8.6,2429.0,1,1,32,1
TIRA00404,26,Female,Tier 2,₹12L-25L,App,8,5166.0,18.5,Skincare,Luxury,0,2,9.3,4688.0,1,1,17,1
TIRA00405,34,Female,Tier 1,₹12L-25L,Paid Ad,14,3490.0,13.6,Makeup,Premium,0,6,7.4,3252.0,1,1,3,1
TIRA00406,27,Female,Tier 2,₹6L-12L,Word of Mouth,4,3728.0,36.1,Haircare,Premium,1,2,5.9,3056.0,0,0,24,0
TIRA00407,29,Male,Tier 3,₹6L-12L,App,5,1871.0,37.3,Haircare,Luxury,1,2,7.9,1522.0,0,1,32,0
TIRA00408,36,Female,Tier 2,₹6L-12L,App,4,4088.0,62.2,Skincare,Luxury,1,3,4.7,2817.0,0,0,13,0
TIRA00409,18,Male,Tier 2,₹6L-12L,Word of Mouth,5,5166.0,46.1,Makeup,Luxury,1,7,8.0,3975.0,0,1,9,1
TIRA00410,19,Female,Tier 1,₹12L-25L,App,5,4244.0,17.1,Haircare,Masstige,0,1,6.9,3881.0,1,0,20,0
TIRA00411,18,Female,Tier 1,₹12L-25L,App,8,1626.0,41.4,Luxury Tools,Luxury,1,1,5.7,1289.0,0,0,9,0
TIRA00412,18,Female,Tier 1,₹6L-12L,Word of Mouth,7,2643.0,45.9,Wellness,Premium,1,5,8.5,2036.0,0,1,30,0
TIRA00413,24,Female,Tier 2,₹12L-25L,Paid Ad,10,3330.0,29.0,Skincare,Premium,0,2,7.2,2847.0,0,1,15,1
TIRA00414,35,Female,Tier 1,₹12L-25L,Influencer,15,2507.0,33.7,Skincare,Masstige,1,2,8.3,2084.0,0,1,32,0
TIRA00415,27,Female,Tier 2,₹12L-25L,Influencer,9,6240.0,18.8,Haircare,Premium,0,0,7.2,5652.0,1,1,22,1
TIRA00416,31,Male,Tier 1,₹6L-12L,Word of Mouth,9,2621.0,14.3,Makeup,Masstige,0,5,7.3,2434.0,1,1,16,0
TIRA00417,38,Female,Tier 1,₹12L-25L,Influencer,11,3148.0,9.3,Haircare,Luxury,0,5,4.7,3001.0,1,0,16,1
TIRA00418,40,Female,Tier 1,₹12L-25L,Influencer,7,2480.0,12.8,Fragrance,Premium,0,3,8.5,2321.0,1,1,26,1
TIRA00419,29,Female,Tier 3,₹6L-12L,Paid Ad,7,3478.0,15.0,Skincare,Premium,0,1,7.8,3216.0,1,1,9,1
TIRA00420,40,Female,Tier 1,₹12L-25L,Influencer,8,4859.0,12.0,Fragrance,Masstige,0,4,7.4,4566.0,1,1,17,1
TIRA00421,30,Male,Tier 1,₹25L+,In-Store,6,3338.0,13.7,Skincare,Premium,0,3,8.0,3109.0,1,1,31,1
TIRA00422,23,Male,Tier 1,₹6L-12L,In-Store,13,2937.0,13.1,Wellness,Premium,0,2,7.5,2744.0,1,1,33,1
TIRA00423,25,Female,Tier 2,₹12L-25L,In-Store,4,1911.0,2.8,Makeup,Luxury,0,3,6.9,1884.0,1,0,2,0
TIRA00424,18,Female,Tier 3,₹25L+,In-Store,13,4651.0,24.9,Fragrance,Premium,0,0,7.4,4072.0,1,1,26,0
TIRA00425,22,Female,Tier 1,₹25L+,In-Store,8,3028.0,13.7,Skincare,Masstige,0,3,7.3,2820.0,1,1,30,1
TIRA00426,27,Female,Tier 3,₹6L-12L,In-Store,10,2976.0,21.7,Makeup,Premium,0,3,7.9,2653.0,1,1,16,0
TIRA00427,36,Male,Tier 1,₹12L-25L,Paid Ad,10,500.0,47.7,Skincare,Masstige,1,2,5.8,381.0,0,0,9,0
TIRA00428,43,Male,Tier 2,₹25L+,In-Store,11,3047.0,19.5,Haircare,Premium,0,4,6.8,2750.0,1,0,18,1
TIRA00429,18,Female,Tier 1,₹12L-25L,App,10,2719.0,36.5,Luxury Tools,Premium,1,1,6.0,2223.0,0,0,32,0
TIRA00430,33,Female,Tier 1,₹3L-6L,App,8,1009.0,12.6,Fragrance,Masstige,0,5,6.6,945.0,1,0,7,0
TIRA00431,21,Female,Tier 2,₹3L-6L,App,4,4388.0,40.8,Haircare,Masstige,1,2,5.8,3493.0,0,0,12,0
TIRA00432,33,Female,Tier 1,₹12L-25L,Paid Ad,12,2558.0,51.9,Skincare,Premium,1,2,6.4,1894.0,0,0,33,0
TIRA00433,28,Female,Tier 1,₹6L-12L,In-Store,14,5475.0,6.5,Wellness,Premium,0,1,7.0,5296.0,1,0,24,1
TIRA00434,18,Female,Tier 2,₹6L-12L,App,5,4897.0,41.7,Skincare,Masstige,1,6,5.2,3875.0,0,0,9,0
TIRA00435,37,Male,Tier 3,₹6L-12L,Paid Ad,13,2336.0,31.4,Haircare,Premium,1,0,7.5,1970.0,0,1,24,0
TIRA00436,25,Female,Tier 1,₹12L-25L,App,10,4843.0,43.0,Skincare,Premium,1,4,6.1,3801.0,0,0,7,0
TIRA00437,25,Female,Tier 2,₹6L-12L,App,13,5133.0,38.4,Fragrance,Masstige,1,1,7.2,4146.0,0,1,26,0
TIRA00438,21,Female,Tier 2,₹25L+,Paid Ad,4,2529.0,47.0,Makeup,Masstige,1,3,5.9,1935.0,0,0,16,0
TIRA00439,24,Female,Tier 1,₹12L-25L,Influencer,7,1961.0,44.2,Makeup,Premium,1,2,5.7,1528.0,0,0,31,0
TIRA00440,33,Male,Tier 3,₹25L+,Paid Ad,14,614.0,29.1,Skincare,Luxury,0,3,5.1,524.0,0,0,26,0
TIRA00441,28,Female,Tier 1,₹25L+,Paid Ad,10,3657.0,26.3,Makeup,Masstige,0,0,5.8,3175.0,0,0,5,0
TIRA00442,32,Male,Tier 2,₹6L-12L,Word of Mouth,13,2032.0,7.1,Skincare,Luxury,0,3,6.8,1960.0,1,0,24,1
TIRA00443,32,Male,Tier 1,₹12L-25L,App,11,3693.0,26.7,Luxury Tools,Premium,0,3,7.2,3200.0,0,1,24,0
TIRA00444,40,Female,Tier 1,₹3L-6L,Paid Ad,7,2519.0,66.7,Fragrance,Luxury,1,2,5.2,1678.0,0,0,9,0
TIRA00445,27,Female,Tier 1,₹25L+,Influencer,12,2264.0,52.9,Wellness,Luxury,1,2,4.9,1665.0,0,0,19,0
TIRA00446,18,Non-binary,Tier 1,₹6L-12L,App,8,2526.0,26.8,Makeup,Masstige,0,3,4.1,2188.0,0,0,10,0
TIRA00447,38,Female,Tier 3,₹12L-25L,Word of Mouth,4,1640.0,80.0,Haircare,Premium,1,2,5.3,984.0,0,0,26,0
TIRA00448,27,Female,Tier 3,₹12L-25L,In-Store,7,2526.0,53.0,Makeup,Premium,1,1,6.8,1856.0,0,0,9,0
TIRA00449,38,Male,Tier 1,₹6L-12L,Paid Ad,10,2316.0,12.6,Luxury Tools,Masstige,0,4,8.5,2170.0,1,1,15,0
TIRA00450,33,Male,Tier 1,₹12L-25L,Influencer,9,3183.0,13.1,Skincare,Luxury,0,1,6.5,2974.0,1,0,22,1
TIRA00451,28,Female,Tier 1,₹3L-6L,In-Store,6,3325.0,69.0,Skincare,Masstige,1,5,6.3,2178.0,0,0,2,0
TIRA00452,32,Female,Tier 1,₹6L-12L,App,16,1915.0,5.7,Makeup,Luxury,0,6,8.3,1860.0,1,1,34,1
TIRA00453,45,Female,Tier 1,₹6L-12L,Word of Mouth,13,4521.0,43.1,Makeup,Luxury,1,4,6.8,3547.0,0,0,2,0
TIRA00454,46,Male,Tier 3,₹6L-12L,Influencer,14,3009.0,47.4,Fragrance,Premium,1,3,5.5,2295.0,0,0,32,0
TIRA00455,30,Female,Tier 2,₹12L-25L,App,10,5003.0,14.4,Skincare,Premium,0,0,7.3,4644.0,1,1,23,1
TIRA00456,31,Female,Tier 1,₹25L+,App,10,3489.0,81.7,Haircare,Luxury,1,5,6.6,2063.0,0,0,18,0
TIRA00457,38,Female,Tier 1,₹6L-12L,Paid Ad,15,3283.0,23.5,Skincare,Masstige,0,5,8.7,2898.0,1,1,18,0
TIRA00458,23,Non-binary,Tier 2,₹12L-25L,App,6,2611.0,20.8,Skincare,Premium,0,2,7.1,2339.0,1,1,14,0
TIRA00459,32,Male,Tier 1,₹25L+,Influencer,6,3938.0,24.5,Wellness,Masstige,0,3,7.2,3456.0,1,1,26,0
TIRA00460,29,Female,Tier 1,₹12L-25L,Influencer,8,3240.0,35.4,Fragrance,Masstige,1,2,4.4,2667.0,0,0,14,0
TIRA00461,32,Female,Tier 1,₹3L-6L,App,9,4230.0,78.2,Wellness,Premium,1,8,6.1,2577.0,0,0,19,0
TIRA00462,23,Male,Tier 1,₹25L+,Influencer,4,5126.0,10.3,Makeup,Premium,0,2,8.3,4862.0,1,1,29,1
TIRA00463,18,Male,Tier 1,₹3L-6L,App,4,2328.0,37.2,Haircare,Masstige,1,2,6.9,1895.0,0,0,23,0
TIRA00464,18,Female,Tier 2,₹12L-25L,Word of Mouth,6,3936.0,32.5,Haircare,Premium,1,6,6.1,3296.0,0,0,23,0
TIRA00465,21,Female,Tier 1,₹12L-25L,Paid Ad,9,3902.0,11.7,Makeup,Premium,0,1,7.6,3674.0,1,1,20,1
TIRA00466,26,Female,Tier 2,₹12L-25L,App,14,3750.0,31.5,Skincare,Luxury,1,2,8.2,3160.0,0,1,2,1
TIRA00467,27,Female,Tier 1,₹3L-6L,In-Store,7,2680.0,26.6,Skincare,Luxury,0,4,7.3,2324.0,0,1,3,1
TIRA00468,45,Female,Tier 3,₹6L-12L,In-Store,9,2704.0,15.8,Skincare,Luxury,0,4,10.0,2491.0,1,1,3,1
TIRA00469,38,Female,Tier 1,₹12L-25L,Word of Mouth,10,2499.0,51.8,Haircare,Luxury,1,2,6.7,1852.0,0,0,10,0
TIRA00470,22,Female,Tier 1,₹3L-6L,In-Store,10,2476.0,61.0,Fragrance,Luxury,1,4,4.6,1720.0,0,0,17,0
TIRA00471,32,Male,Tier 1,₹6L-12L,Influencer,8,2192.0,27.3,Haircare,Masstige,0,1,6.5,1892.0,0,0,9,0
TIRA00472,26,Female,Tier 1,₹12L-25L,Word of Mouth,3,3075.0,16.6,Skincare,Masstige,0,5,6.6,2819.0,1,0,19,0
TIRA00473,27,Female,Tier 1,₹12L-25L,App,8,2291.0,26.0,Haircare,Premium,0,4,7.8,1993.0,0,1,31,0
TIRA00474,31,Female,Tier 2,₹6L-12L,Influencer,6,3723.0,4.7,Skincare,Premium,0,4,9.0,3635.0,1,1,34,1
TIRA00475,34,Female,Tier 1,₹6L-12L,App,8,3268.0,52.7,Fragrance,Luxury,1,5,7.6,2408.0,0,1,24,1
TIRA00476,27,Female,Tier 1,₹25L+,Influencer,13,3403.0,11.1,Makeup,Premium,0,5,7.2,3214.0,1,1,5,1
TIRA00477,38,Female,Tier 1,₹6L-12L,In-Store,9,2872.0,22.0,Haircare,Luxury,0,0,7.6,2556.0,1,1,27,0
TIRA00478,20,Female,Tier 2,₹3L-6L,Word of Mouth,5,3283.0,41.5,Skincare,Premium,1,2,7.6,2602.0,0,1,29,1
TIRA00479,30,Female,Tier 3,₹6L-12L,In-Store,8,2903.0,80.0,Skincare,Luxury,1,3,6.3,1742.0,0,0,28,0
TIRA00480,50,Male,Tier 2,₹6L-12L,App,11,4135.0,39.5,Makeup,Masstige,1,4,5.2,3319.0,0,0,32,0
TIRA00481,31,Female,Tier 2,₹25L+,Paid Ad,1,2669.0,37.7,Makeup,Premium,1,2,7.1,2167.0,0,1,1,0
TIRA00482,41,Male,Tier 2,₹6L-12L,Paid Ad,11,3651.0,52.2,Skincare,Luxury,1,5,4.7,2698.0,0,0,14,0
TIRA00483,30,Male,Tier 2,₹3L-6L,Influencer,7,1632.0,32.1,Makeup,Premium,1,5,6.1,1370.0,0,0,21,0
TIRA00484,34,Male,Tier 1,₹12L-25L,Influencer,7,4054.0,33.2,Skincare,Premium,1,4,5.4,3381.0,0,0,6,0
TIRA00485,29,Female,Tier 2,₹3L-6L,App,11,2529.0,33.2,Luxury Tools,Premium,1,2,6.1,2110.0,0,0,14,0
TIRA00486,28,Female,Tier 2,₹6L-12L,Influencer,10,2105.0,67.2,Makeup,Luxury,1,7,3.9,1398.0,0,0,9,0
TIRA00487,23,Female,Tier 1,₹25L+,App,7,1833.0,40.7,Makeup,Premium,1,1,5.2,1460.0,0,0,8,0
TIRA00488,33,Female,Tier 2,₹12L-25L,App,6,1738.0,14.0,Makeup,Luxury,0,2,6.5,1617.0,1,0,24,1
TIRA00489,23,Female,Tier 1,₹3L-6L,Word of Mouth,10,2622.0,80.0,Fragrance,Premium,1,2,5.1,1573.0,0,0,24,0
TIRA00490,35,Non-binary,Tier 1,₹6L-12L,Influencer,13,4998.0,15.5,Skincare,Premium,0,3,7.4,4611.0,1,1,3,1
TIRA00491,38,Female,Tier 1,₹6L-12L,App,13,2428.0,9.8,Haircare,Premium,0,6,6.0,2309.0,1,0,24,0
TIRA00492,32,Male,Tier 2,₹3L-6L,App,10,549.0,67.2,Luxury Tools,Premium,1,9,8.1,365.0,0,1,31,0
TIRA00493,27,Female,Tier 3,₹12L-25L,Word of Mouth,6,3639.0,57.6,Makeup,Premium,1,4,5.2,2591.0,0,0,2,0
TIRA00494,33,Female,Tier 1,₹12L-25L,App,11,1863.0,36.1,Skincare,Masstige,1,2,5.2,1526.0,0,0,27,0
TIRA00495,27,Female,Tier 1,₹12L-25L,App,3,4178.0,32.9,Skincare,Luxury,1,2,7.3,3490.0,0,1,25,1
TIRA00496,37,Female,Tier 1,₹25L+,App,7,2695.0,42.7,Luxury Tools,Premium,1,4,6.3,2120.0,0,0,28,0
TIRA00497,18,Female,Tier 1,₹6L-12L,App,12,2871.0,40.2,Skincare,Masstige,1,2,5.6,2293.0,0,0,34,0
TIRA00498,27,Female,Tier 3,₹25L+,In-Store,5,4637.0,27.4,Skincare,Premium,0,4,7.3,4002.0,0,1,26,1
TIRA00499,18,Female,Tier 1,₹12L-25L,Word of Mouth,10,3941.0,53.9,Luxury Tools,Premium,1,2,5.2,2878.0,0,0,13,0
TIRA00500,18,Female,Tier 1,₹6L-12L,In-Store,15,1704.0,52.1,Fragrance,Premium,1,2,5.6,1260.0,0,0,5,0
TIRA00501,40,Female,Tier 1,₹12L-25L,In-Store,5,1881.0,18.9,Makeup,Luxury,0,5,8.7,1703.0,1,1,32,1
TIRA00502,37,Non-binary,Tier 3,₹3L-6L,Influencer,7,1060.0,80.0,Skincare,Premium,1,2,4.9,636.0,0,0,26,0
TIRA00503,24,Female,Tier 1,₹12L-25L,Influencer,11,6324.0,28.2,Makeup,Luxury,0,5,7.5,5431.0,0,1,16,1
TIRA00504,18,Female,Tier 2,₹12L-25L,Influencer,12,2165.0,44.3,Fragrance,Premium,1,4,5.7,1685.0,0,0,21,0
TIRA00505,18,Female,Tier 1,₹6L-12L,Influencer,9,4604.0,6.0,Skincare,Premium,0,3,7.9,4466.0,1,1,19,1
TIRA00506,25,Female,Tier 1,₹25L+,Influencer,9,2561.0,52.0,Skincare,Premium,1,2,5.1,1896.0,0,0,2,0
TIRA00507,49,Female,Tier 2,₹6L-12L,Influencer,5,1904.0,13.2,Luxury Tools,Masstige,0,2,6.7,1779.0,1,0,9,0
TIRA00508,33,Female,Tier 1,₹12L-25L,Paid Ad,7,3226.0,20.0,Haircare,Luxury,0,4,6.8,2903.0,1,0,10,0
TIRA00509,25,Non-binary,Tier 2,₹3L-6L,Influencer,14,2808.0,39.2,Makeup,Premium,1,2,5.7,2257.0,0,0,22,0
TIRA00510,33,Female,Tier 1,₹6L-12L,Paid Ad,9,4162.0,25.4,Luxury Tools,Masstige,0,3,8.0,3634.0,0,1,15,0
TIRA00511,18,Female,Tier 2,₹6L-12L,App,4,4177.0,37.6,Makeup,Premium,1,3,7.1,3392.0,0,1,15,0
TIRA00512,27,Female,Tier 2,₹25L+,Influencer,7,2492.0,16.6,Luxury Tools,Masstige,0,3,5.0,2285.0,1,0,20,0
TIRA00513,30,Female,Tier 2,₹3L-6L,Influencer,7,1472.0,42.1,Skincare,Masstige,1,1,8.0,1162.0,0,1,32,0
TIRA00514,29,Female,Tier 1,₹25L+,App,9,1763.0,28.7,Makeup,Masstige,0,3,7.5,1511.0,0,1,7,0
TIRA00515,36,Female,Tier 2,₹6L-12L,Paid Ad,15,500.0,46.7,Haircare,Luxury,1,1,7.3,383.0,0,1,4,1
TIRA00516,32,Female,Tier 3,₹6L-12L,In-Store,8,2871.0,7.8,Makeup,Masstige,0,3,7.5,2759.0,1,1,19,1
TIRA00517,35,Female,Tier 1,₹6L-12L,App,6,3186.0,28.5,Skincare,Premium,0,1,5.4,2733.0,0,0,30,0
TIRA00518,24,Male,Tier 1,₹3L-6L,Paid Ad,8,1829.0,37.4,Haircare,Premium,1,6,5.2,1486.0,0,0,34,0
TIRA00519,37,Female,Tier 2,₹25L+,App,6,1684.0,16.2,Makeup,Luxury,0,2,9.1,1548.0,1,1,12,1
TIRA00520,43,Female,Tier 1,₹6L-12L,In-Store,14,3181.0,11.0,Skincare,Luxury,0,4,5.9,3006.0,1,0,13,1
TIRA00521,22,Female,Tier 2,₹12L-25L,In-Store,6,2442.0,30.5,Makeup,Luxury,1,0,5.3,2069.0,0,0,30,0
TIRA00522,22,Female,Tier 2,₹12L-25L,Paid Ad,4,2944.0,14.4,Haircare,Premium,0,1,7.0,2732.0,1,0,6,0
TIRA00523,40,Female,Tier 1,₹12L-25L,In-Store,4,2759.0,23.7,Makeup,Premium,0,3,5.7,2433.0,1,0,13,0
TIRA00524,28,Female,Tier 2,₹12L-25L,Influencer,9,3498.0,30.1,Makeup,Luxury,1,2,7.3,2971.0,0,1,17,1
TIRA00525,41,Non-binary,Tier 2,₹25L+,Paid Ad,11,2522.0,5.4,Skincare,Masstige,0,3,8.4,2453.0,1,1,11,0
TIRA00526,26,Female,Tier 1,₹12L-25L,Influencer,4,2614.0,75.1,Skincare,Masstige,1,3,5.4,1632.0,0,0,16,0
TIRA00527,41,Female,Tier 3,₹12L-25L,Word of Mouth,4,942.0,50.0,Fragrance,Luxury,1,2,5.4,706.0,0,0,35,0
TIRA00528,31,Male,Tier 1,₹12L-25L,Paid Ad,10,3140.0,19.6,Fragrance,Masstige,0,3,7.5,2831.0,1,1,33,1
TIRA00529,32,Male,Tier 1,₹12L-25L,In-Store,6,3306.0,28.4,Makeup,Premium,0,3,8.6,2837.0,0,1,14,1
TIRA00530,42,Female,Tier 2,₹6L-12L,Word of Mouth,2,2987.0,12.8,Makeup,Masstige,0,5,6.1,2795.0,1,0,17,0
TIRA00531,27,Female,Tier 1,₹12L-25L,In-Store,12,5494.0,5.5,Skincare,Masstige,0,4,8.9,5342.0,1,1,33,1
TIRA00532,22,Female,Tier 2,₹6L-12L,App,10,3395.0,16.4,Makeup,Luxury,0,3,8.2,3117.0,1,1,9,1
TIRA00533,26,Male,Tier 1,₹12L-25L,App,6,3012.0,15.4,Makeup,Masstige,0,3,7.3,2780.0,1,1,20,1
TIRA00534,33,Female,Tier 1,₹25L+,Influencer,8,3799.0,16.7,Makeup,Premium,0,3,7.5,3481.0,1,1,8,1
TIRA00535,18,Male,Tier 1,₹25L+,App,6,5735.0,48.2,Skincare,Masstige,1,3,6.4,4352.0,0,0,23,0
TIRA00536,35,Female,Tier 2,₹12L-25L,Influencer,9,3503.0,40.9,Skincare,Premium,1,4,5.4,2787.0,0,0,2,0
TIRA00537,25,Male,Tier 2,₹12L-25L,In-Store,8,532.0,14.9,Luxury Tools,Luxury,0,4,5.8,492.0,1,0,8,1
TIRA00538,39,Female,Tier 2,₹12L-25L,In-Store,5,3718.0,3.5,Makeup,Premium,0,5,8.8,3653.0,1,1,26,1
TIRA00539,18,Female,Tier 3,₹6L-12L,App,6,2145.0,57.9,Fragrance,Premium,1,2,4.4,1524.0,0,0,25,0
TIRA00540,23,Female,Tier 2,₹6L-12L,Paid Ad,10,893.0,27.4,Haircare,Premium,0,4,5.8,771.0,0,0,10,0
TIRA00541,18,Female,Tier 2,₹6L-12L,In-Store,6,5237.0,49.5,Fragrance,Masstige,1,3,5.5,3941.0,0,0,8,0
TIRA00542,23,Female,Tier 1,₹3L-6L,App,14,4978.0,64.4,Skincare,Premium,1,2,5.7,3375.0,0,0,28,0
TIRA00543,31,Female,Tier 3,₹25L+,In-Store,11,2114.0,29.7,Skincare,Luxury,0,1,6.3,1800.0,0,0,35,0
TIRA00544,28,Female,Tier 2,₹25L+,In-Store,8,2122.0,17.1,Makeup,Luxury,0,2,6.6,1941.0,1,0,20,1
TIRA00545,27,Female,Tier 3,₹12L-25L,Influencer,7,3392.0,26.9,Makeup,Masstige,0,5,7.9,2937.0,0,1,26,0
TIRA00546,28,Male,Tier 1,₹6L-12L,In-Store,9,2138.0,36.2,Skincare,Luxury,1,1,6.2,1751.0,0,0,25,0
TIRA00547,31,Male,Tier 1,₹12L-25L,App,13,3038.0,23.2,Makeup,Luxury,0,4,6.3,2685.0,1,0,32,0
TIRA00548,21,Female,Tier 2,₹6L-12L,Paid Ad,4,2344.0,14.6,Skincare,Luxury,0,3,7.8,2173.0,1,1,8,1
TIRA00549,35,Female,Tier 1,₹12L-25L,In-Store,8,2720.0,15.7,Skincare,Luxury,0,5,7.4,2507.0,1,1,20,1
TIRA00550,35,Female,Tier 1,₹25L+,App,16,1515.0,11.1,Wellness,Luxury,0,0,7.6,1430.0,1,1,6,1
TIRA00551,33,Male,Tier 3,₹6L-12L,Paid Ad,6,4192.0,80.0,Makeup,Masstige,1,2,5.2,2516.0,0,0,12,0
TIRA00552,34,Female,Tier 1,₹6L-12L,Influencer,9,4645.0,61.1,Skincare,Premium,1,4,5.4,3225.0,0,0,15,0
TIRA00553,32,Female,Tier 1,₹6L-12L,Influencer,9,3080.0,17.7,Skincare,Luxury,0,3,8.1,2808.0,1,1,33,1
TIRA00554,46,Male,Tier 1,₹3L-6L,In-Store,12,3157.0,58.2,Luxury Tools,Premium,1,4,4.2,2238.0,0,0,13,0
TIRA00555,29,Non-binary,Tier 1,₹6L-12L,In-Store,10,3955.0,12.0,Luxury Tools,Premium,0,3,8.8,3718.0,1,1,1,1
TIRA00556,27,Female,Tier 2,₹3L-6L,In-Store,7,3202.0,30.0,Skincare,Premium,1,9,5.9,2721.0,0,0,18,0
TIRA00557,23,Female,Tier 3,₹3L-6L,App,8,5275.0,68.3,Makeup,Masstige,1,2,3.6,3473.0,0,0,15,0
TIRA00558,21,Female,Tier 3,₹6L-12L,App,8,1620.0,58.8,Haircare,Luxury,1,4,4.9,1144.0,0,0,27,0
TIRA00559,20,Male,Tier 2,₹6L-12L,Word of Mouth,7,4233.0,33.5,Skincare,Premium,1,3,6.3,3524.0,0,0,1,0
TIRA00560,22,Female,Tier 2,₹12L-25L,Influencer,8,3063.0,12.9,Makeup,Premium,0,4,6.7,2866.0,1,0,32,1
TIRA00561,29,Female,Tier 1,₹3L-6L,In-Store,7,1855.0,69.0,Skincare,Masstige,1,5,4.3,1215.0,0,0,26,0
TIRA00562,32,Female,Tier 3,₹25L+,App,8,5897.0,13.8,Skincare,Luxury,0,1,8.5,5489.0,1,1,21,1
TIRA00563,30,Female,Tier 1,₹6L-12L,Influencer,8,6062.0,31.8,Makeup,Masstige,1,0,5.9,5098.0,0,0,31,0
TIRA00564,23,Female,Tier 1,₹3L-6L,App,6,2951.0,80.0,Skincare,Luxury,1,6,2.5,1770.0,0,0,8,0
TIRA00565,37,Female,Tier 3,₹3L-6L,App,7,3734.0,32.7,Makeup,Masstige,1,1,6.3,3123.0,0,0,15,0
TIRA00566,35,Male,Tier 3,₹12L-25L,App,9,2635.0,54.8,Skincare,Luxury,1,3,7.9,1913.0,0,1,11,0
TIRA00567,28,Male,Tier 1,₹6L-12L,Influencer,9,2828.0,32.9,Makeup,Premium,1,0,5.6,2362.0,0,0,10,0
TIRA00568,24,Female,Tier 2,₹12L-25L,Influencer,9,1841.0,36.0,Luxury Tools,Luxury,1,4,5.7,1510.0,0,0,32,0
TIRA00569,34,Male,Tier 1,₹3L-6L,App,10,1664.0,40.2,Makeup,Premium,1,2,6.0,1329.0,0,0,32,0
TIRA00570,31,Female,Tier 1,₹25L+,App,11,5413.0,37.7,Makeup,Masstige,1,4,8.0,4394.0,0,1,8,0
TIRA00571,18,Female,Tier 1,₹3L-6L,Influencer,5,3153.0,34.5,Makeup,Masstige,1,4,6.3,2609.0,0,0,9,0
TIRA00572,29,Female,Tier 1,₹6L-12L,Influencer,6,3261.0,32.6,Fragrance,Luxury,1,4,5.7,2730.0,0,0,4,0
TIRA00573,32,Male,Tier 1,₹25L+,Influencer,3,2227.0,40.7,Haircare,Premium,1,5,6.7,1774.0,0,0,6,0
TIRA00574,22,Male,Tier 1,₹6L-12L,App,7,3428.0,58.6,Skincare,Premium,1,2,5.9,2424.0,0,0,33,0
TIRA00575,31,Male,Tier 1,₹6L-12L,Influencer,10,1395.0,38.0,Skincare,Masstige,1,3,7.0,1130.0,0,0,7,0
TIRA00576,18,Male,Tier 1,₹12L-25L,Word of Mouth,8,2272.0,18.8,Makeup,Luxury,0,4,6.2,2058.0,1,0,1,1
TIRA00577,40,Non-binary,Tier 3,₹6L-12L,Influencer,5,1760.0,35.6,Haircare,Premium,1,3,6.0,1447.0,0,0,31,0
TIRA00578,39,Female,Tier 2,₹3L-6L,App,10,4751.0,42.8,Skincare,Premium,1,4,7.4,3735.0,0,1,27,1
TIRA00579,27,Male,Tier 3,₹6L-12L,Influencer,6,1218.0,28.3,Makeup,Premium,0,3,7.3,1045.0,0,1,25,0
TIRA00580,32,Female,Tier 1,₹3L-6L,In-Store,6,1785.0,12.5,Haircare,Premium,0,3,8.3,1674.0,1,1,6,1
TIRA00581,18,Female,Tier 2,₹25L+,App,5,743.0,22.4,Makeup,Premium,0,3,7.0,660.0,1,1,1,0
TIRA00582,20,Female,Tier 2,₹12L-25L,In-Store,5,2132.0,22.4,Haircare,Masstige,0,3,8.2,1894.0,1,1,24,0
TIRA00583,27,Female,Tier 1,₹12L-25L,Word of Mouth,9,2649.0,12.5,Skincare,Luxury,0,2,7.8,2483.0,1,1,20,1
TIRA00584,21,Female,Tier 1,₹6L-12L,In-Store,6,4373.0,17.7,Makeup,Premium,0,1,6.8,3987.0,1,0,7,1
TIRA00585,35,Female,Tier 1,₹12L-25L,Paid Ad,13,2934.0,2.5,Haircare,Premium,0,2,8.6,2896.0,1,1,16,1
TIRA00586,45,Female,Tier 1,₹12L-25L,In-Store,6,2707.0,18.6,Wellness,Premium,0,1,6.4,2455.0,1,0,32,0
TIRA00587,20,Female,Tier 1,₹3L-6L,In-Store,8,3560.0,38.9,Haircare,Premium,1,4,8.0,2868.0,0,1,32,1
TIRA00588,23,Male,Tier 1,₹25L+,App,7,2669.0,19.9,Makeup,Premium,0,5,8.2,2403.0,1,1,2,1
TIRA00589,31,Female,Tier 1,₹12L-25L,Influencer,10,6092.0,21.1,Haircare,Premium,0,1,6.9,5450.0,1,0,2,0
TIRA00590,42,Female,Tier 2,₹12L-25L,App,8,2491.0,70.2,Fragrance,Luxury,1,9,5.0,1616.0,0,0,11,0
TIRA00591,20,Female,Tier 1,₹6L-12L,In-Store,4,3696.0,35.5,Makeup,Masstige,1,4,6.7,3041.0,0,0,27,0
TIRA00592,31,Female,Tier 1,₹3L-6L,App,5,4192.0,37.7,Makeup,Luxury,1,2,6.3,3402.0,0,0,28,0
TIRA00593,44,Female,Tier 2,₹12L-25L,In-Store,10,2456.0,31.0,Skincare,Luxury,1,2,8.1,2076.0,0,1,19,1
TIRA00594,18,Male,Tier 1,₹12L-25L,In-Store,12,3398.0,24.8,Haircare,Luxury,0,2,6.5,2978.0,1,0,20,0
TIRA00595,19,Female,Tier 1,₹6L-12L,App,9,2599.0,22.1,Makeup,Masstige,0,4,5.6,2312.0,1,0,17,0
TIRA00596,26,Female,Tier 1,₹3L-6L,App,7,3529.0,26.7,Skincare,Premium,0,7,6.7,3057.0,0,0,15,0
TIRA00597,25,Male,Tier 1,₹12L-25L,Word of Mouth,8,3321.0,11.5,Makeup,Luxury,0,3,8.3,3130.0,1,1,5,1
TIRA00598,36,Female,Tier 1,₹6L-12L,App,5,3032.0,48.2,Wellness,Luxury,1,3,7.1,2300.0,0,1,16,1
TIRA00599,31,Male,Tier 1,₹6L-12L,In-Store,5,1813.0,15.2,Skincare,Masstige,0,1,7.5,1675.0,1,1,35,1
TIRA00600,18,Female,Tier 1,₹12L-25L,In-Store,9,5436.0,36.2,Makeup,Luxury,1,2,5.9,4452.0,0,0,18,0
TIRA00601,34,Male,Tier 3,₹3L-6L,In-Store,10,3904.0,5.5,Luxury Tools,Luxury,0,1,7.7,3797.0,1,1,21,1
TIRA00602,25,Male,Tier 3,₹3L-6L,Influencer,7,1294.0,36.8,Wellness,Luxury,1,3,5.9,1056.0,0,0,35,0
TIRA00603,40,Male,Tier 1,₹3L-6L,App,6,2696.0,44.5,Skincare,Premium,1,2,3.9,2096.0,0,0,1,0
TIRA00604,24,Female,Tier 1,₹25L+,In-Store,10,1317.0,40.0,Skincare,Premium,1,4,5.5,1053.0,0,0,24,0
TIRA00605,24,Male,Tier 1,₹6L-12L,Influencer,7,4114.0,8.6,Makeup,Premium,0,1,8.2,3938.0,1,1,9,1
TIRA00606,34,Non-binary,Tier 2,₹12L-25L,In-Store,13,3174.0,21.6,Skincare,Premium,0,4,6.9,2831.0,1,0,18,0
TIRA00607,36,Female,Tier 2,₹25L+,Word of Mouth,9,3205.0,43.4,Makeup,Luxury,1,4,6.0,2509.0,0,0,1,0
TIRA00608,33,Male,Tier 1,₹12L-25L,Word of Mouth,2,2189.0,11.4,Makeup,Masstige,0,3,8.7,2065.0,1,1,12,0
TIRA00609,18,Male,Tier 1,₹12L-25L,App,9,2821.0,12.2,Haircare,Masstige,0,4,6.5,2649.0,1,0,19,0
TIRA00610,34,Female,Tier 1,₹12L-25L,In-Store,6,4145.0,15.8,Haircare,Luxury,0,2,6.5,3818.0,1,0,18,1
TIRA00611,21,Male,Tier 3,₹6L-12L,App,3,4467.0,52.2,Fragrance,Premium,1,2,6.2,3301.0,0,0,14,0
TIRA00612,31,Female,Tier 3,₹12L-25L,App,4,4216.0,42.6,Haircare,Masstige,1,1,5.6,3319.0,0,0,33,0
TIRA00613,18,Female,Tier 1,₹25L+,In-Store,6,1337.0,34.3,Makeup,Luxury,1,4,5.9,1108.0,0,0,8,0
TIRA00614,33,Female,Tier 2,₹12L-25L,Influencer,7,2977.0,12.2,Skincare,Luxury,0,2,9.1,2795.0,1,1,8,1
TIRA00615,23,Female,Tier 1,₹6L-12L,In-Store,6,3504.0,7.4,Fragrance,Luxury,0,5,6.6,3374.0,1,0,21,1
TIRA00616,19,Male,Tier 2,₹6L-12L,App,7,2318.0,57.9,Haircare,Premium,1,4,5.0,1647.0,0,0,13,0
TIRA00617,35,Female,Tier 3,₹25L+,App,11,1209.0,22.3,Skincare,Premium,0,6,7.5,1074.0,1,1,10,1
TIRA00618,31,Female,Tier 1,₹3L-6L,Word of Mouth,4,1656.0,7.9,Skincare,Masstige,0,1,7.6,1591.0,1,1,3,0
TIRA00619,25,Female,Tier 1,₹12L-25L,Word of Mouth,10,5000.0,19.2,Haircare,Masstige,0,2,5.9,4521.0,1,0,19,0
TIRA00620,41,Female,Tier 2,₹6L-12L,App,14,1770.0,39.3,Skincare,Masstige,1,4,8.2,1422.0,0,1,23,0
TIRA00621,26,Male,Tier 1,₹12L-25L,Influencer,7,3257.0,39.2,Fragrance,Premium,1,4,5.6,2618.0,0,0,20,0
TIRA00622,30,Male,Tier 2,₹12L-25L,In-Store,7,3012.0,52.6,Skincare,Premium,1,3,5.6,2219.0,0,0,27,0
TIRA00623,32,Female,Tier 1,₹6L-12L,Influencer,8,3015.0,12.0,Makeup,Masstige,0,5,8.0,2835.0,1,1,24,1
TIRA00624,25,Female,Tier 3,₹6L-12L,Influencer,7,2816.0,57.6,Skincare,Luxury,1,3,7.9,2006.0,0,1,23,1
TIRA00625,33,Female,Tier 1,₹12L-25L,Paid Ad,6,4147.0,6.9,Makeup,Luxury,0,5,7.3,4004.0,1,1,11,1
TIRA00626,25,Female,Tier 1,₹6L-12L,App,11,3243.0,6.5,Fragrance,Masstige,0,1,6.8,3137.0,1,0,29,0
TIRA00627,26,Female,Tier 1,₹6L-12L,In-Store,14,2449.0,32.8,Skincare,Luxury,1,5,7.2,2048.0,0,1,32,0
TIRA00628,40,Female,Tier 1,₹12L-25L,Word of Mouth,8,3262.0,27.7,Skincare,Premium,0,2,9.0,2810.0,0,1,27,1
TIRA00629,21,Female,Tier 1,₹6L-12L,App,9,1667.0,49.7,Skincare,Premium,1,1,6.1,1253.0,0,0,4,0
TIRA00630,18,Female,Tier 2,₹12L-25L,App,7,3771.0,11.3,Skincare,Premium,0,6,7.3,3559.0,1,1,35,1
TIRA00631,42,Female,Tier 1,₹3L-6L,Influencer,4,2383.0,77.2,Makeup,Premium,1,0,5.3,1463.0,0,0,20,0
TIRA00632,50,Female,Tier 1,₹6L-12L,Paid Ad,4,2452.0,39.6,Skincare,Masstige,1,0,4.3,1967.0,0,0,16,0
TIRA00633,26,Male,Tier 1,₹25L+,Influencer,6,3816.0,35.6,Makeup,Premium,1,7,6.0,3137.0,0,0,8,0
TIRA00634,18,Male,Tier 1,₹3L-6L,Paid Ad,6,2711.0,11.5,Haircare,Masstige,0,2,5.7,2555.0,1,0,3,0
TIRA00635,27,Female,Tier 3,₹6L-12L,Influencer,10,2779.0,57.5,Fragrance,Masstige,1,4,5.3,1980.0,0,0,30,0
TIRA00636,27,Male,Tier 3,₹12L-25L,App,9,4601.0,74.6,Skincare,Premium,1,6,4.5,2885.0,0,0,19,0
TIRA00637,28,Male,Tier 1,₹25L+,Influencer,9,2032.0,22.3,Fragrance,Masstige,0,5,4.5,1806.0,1,0,33,0
TIRA00638,21,Female,Tier 2,₹12L-25L,Paid Ad,11,3798.0,58.3,Wellness,Premium,1,2,5.8,2690.0,0,0,27,0
TIRA00639,34,Female,Tier 2,₹12L-25L,Paid Ad,8,4339.0,8.1,Makeup,Premium,0,2,8.3,4164.0,1,1,29,1
TIRA00640,34,Female,Tier 3,₹6L-12L,App,7,4600.0,15.6,Haircare,Masstige,0,1,7.2,4242.0,1,1,15,1
TIRA00641,18,Male,Tier 1,₹6L-12L,App,14,5812.0,13.3,Makeup,Luxury,0,2,5.9,5425.0,1,0,14,1
TIRA00642,35,Female,Tier 1,₹25L+,Paid Ad,7,2429.0,7.4,Skincare,Premium,0,5,9.0,2340.0,1,1,16,1
TIRA00643,46,Female,Tier 1,₹25L+,App,10,2158.0,54.0,Wellness,Premium,1,5,7.7,1575.0,0,1,1,0
TIRA00644,31,Female,Tier 3,₹12L-25L,App,8,4181.0,11.4,Luxury Tools,Masstige,0,4,7.9,3943.0,1,1,26,1
TIRA00645,27,Female,Tier 2,₹6L-12L,Paid Ad,7,4328.0,14.5,Skincare,Masstige,0,5,7.1,4015.0,1,1,32,1
TIRA00646,28,Male,Tier 1,₹6L-12L,In-Store,6,2251.0,10.2,Skincare,Luxury,0,2,7.2,2136.0,1,1,1,1
TIRA00647,34,Female,Tier 1,₹3L-6L,In-Store,9,3782.0,65.7,Skincare,Luxury,1,2,5.8,2540.0,0,0,32,0
TIRA00648,18,Male,Tier 2,₹25L+,App,4,6469.0,38.1,Makeup,Premium,1,2,6.6,5237.0,0,0,24,0
TIRA00649,31,Non-binary,Tier 3,₹12L-25L,App,10,3326.0,19.2,Luxury Tools,Premium,0,3,7.7,3006.0,1,1,20,1
TIRA00650,26,Male,Tier 1,₹6L-12L,Paid Ad,3,4308.0,13.0,Skincare,Premium,0,2,7.9,4028.0,1,1,25,1
TIRA00651,44,Female,Tier 2,₹6L-12L,In-Store,9,5092.0,51.5,Makeup,Masstige,1,2,5.2,3780.0,0,0,1,0
TIRA00652,28,Male,Tier 1,₹6L-12L,App,5,6204.0,24.8,Fragrance,Luxury,0,3,6.2,5434.0,1,0,34,0
TIRA00653,43,Female,Tier 1,₹3L-6L,In-Store,10,3495.0,21.1,Makeup,Masstige,0,3,6.9,3126.0,1,0,31,0
TIRA00654,21,Female,Tier 1,₹12L-25L,App,8,4704.0,54.4,Makeup,Masstige,1,1,6.3,3425.0,0,0,26,0
TIRA00655,34,Male,Tier 2,₹12L-25L,App,8,2254.0,4.0,Makeup,Masstige,0,2,6.3,2209.0,1,0,12,0
TIRA00656,32,Female,Tier 3,₹6L-12L,App,6,3230.0,13.2,Skincare,Premium,0,2,7.2,3017.0,1,1,5,1
TIRA00657,23,Female,Tier 1,₹12L-25L,In-Store,6,2664.0,11.7,Makeup,Luxury,0,4,7.5,2508.0,1,1,11,1
TIRA00658,31,Female,Tier 1,₹25L+,App,8,938.0,13.5,Skincare,Premium,0,4,7.0,875.0,1,0,18,0
TIRA00659,39,Male,Tier 1,₹3L-6L,In-Store,9,1276.0,22.1,Haircare,Masstige,0,4,8.5,1135.0,1,1,35,0
TIRA00660,27,Female,Tier 1,₹6L-12L,In-Store,3,3716.0,19.3,Skincare,Masstige,0,3,8.5,3357.0,1,1,15,0
TIRA00661,18,Female,Tier 1,₹6L-12L,In-Store,16,3740.0,51.8,Fragrance,Masstige,1,2,6.3,2772.0,0,0,26,0
TIRA00662,29,Male,Tier 1,₹6L-12L,App,7,1950.0,26.6,Makeup,Premium,0,1,8.7,1691.0,0,1,15,0
TIRA00663,22,Female,Tier 1,₹12L-25L,App,16,5069.0,7.6,Luxury Tools,Premium,0,2,8.6,4876.0,1,1,3,1
TIRA00664,27,Female,Tier 1,₹12L-25L,App,8,1868.0,23.1,Haircare,Masstige,0,3,7.2,1652.0,1,1,28,0
TIRA00665,29,Female,Tier 1,₹6L-12L,In-Store,3,3509.0,11.1,Haircare,Luxury,0,4,7.1,3314.0,1,1,12,1
TIRA00666,18,Non-binary,Tier 2,₹6L-12L,Influencer,5,2702.0,14.6,Skincare,Premium,0,6,7.0,2504.0,1,1,21,1
TIRA00667,18,Female,Tier 1,₹25L+,App,8,3328.0,54.7,Makeup,Luxury,1,5,6.2,2418.0,0,0,12,0
TIRA00668,33,Female,Tier 2,₹6L-12L,Paid Ad,5,4278.0,33.6,Haircare,Premium,1,2,6.3,3559.0,0,0,26,0
TIRA00669,25,Female,Tier 3,₹12L-25L,Influencer,9,4109.0,73.6,Haircare,Premium,1,4,3.5,2598.0,0,0,29,0
TIRA00670,18,Male,Tier 2,₹12L-25L,App,10,4049.0,23.7,Haircare,Masstige,0,1,6.7,3569.0,1,0,27,0
TIRA00671,36,Female,Tier 1,₹12L-25L,App,8,3896.0,5.6,Skincare,Luxury,0,5,8.8,3788.0,1,1,32,1
TIRA00672,32,Female,Tier 1,₹12L-25L,App,8,1673.0,10.4,Skincare,Masstige,0,2,5.0,1586.0,1,0,25,0
TIRA00673,24,Non-binary,Tier 2,₹12L-25L,App,9,4561.0,51.9,Skincare,Premium,1,4,7.3,3377.0,0,1,19,0
TIRA00674,19,Female,Tier 1,₹12L-25L,In-Store,6,1928.0,43.5,Skincare,Premium,1,5,6.8,1508.0,0,0,27,0
TIRA00675,36,Female,Tier 1,₹6L-12L,App,10,3073.0,36.6,Haircare,Premium,1,3,6.3,2510.0,0,0,24,0
TIRA00676,32,Female,Tier 1,₹6L-12L,Paid Ad,4,2778.0,44.0,Makeup,Premium,1,3,6.5,2167.0,0,0,8,0
TIRA00677,49,Male,Tier 1,₹6L-12L,In-Store,7,3620.0,35.0,Makeup,Premium,1,2,7.6,2986.0,0,1,11,0
TIRA00678,33,Female,Tier 1,₹6L-12L,Influencer,10,2618.0,25.9,Skincare,Masstige,0,2,7.0,2280.0,0,0,4,0
TIRA00679,33,Female,Tier 2,₹3L-6L,Paid Ad,6,3010.0,35.1,Haircare,Premium,1,4,7.5,2481.0,0,1,27,1
TIRA00680,28,Female,Tier 1,₹6L-12L,In-Store,9,5143.0,6.4,Skincare,Luxury,0,2,8.6,4978.0,1,1,6,1
TIRA00681,36,Male,Tier 1,₹6L-12L,Word of Mouth,7,1646.0,31.4,Skincare,Masstige,1,4,6.9,1387.0,0,0,4,0
TIRA00682,35,Male,Tier 2,₹3L-6L,Word of Mouth,3,3197.0,23.0,Fragrance,Masstige,0,4,6.0,2829.0,1,0,29,0
TIRA00683,40,Female,Tier 1,₹6L-12L,In-Store,14,1863.0,1.7,Haircare,Luxury,0,2,7.8,1848.0,1,1,2,1
TIRA00684,25,Female,Tier 2,₹12L-25L,App,8,4009.0,21.7,Skincare,Premium,0,5,5.1,3575.0,1,0,34,0
TIRA00685,26,Male,Tier 1,₹12L-25L,In-Store,6,2328.0,30.6,Skincare,Premium,1,2,7.2,1972.0,0,1,8,0
TIRA00686,26,Female,Tier 1,₹12L-25L,App,7,3246.0,27.0,Makeup,Premium,0,2,6.5,2808.0,0,0,33,0
TIRA00687,36,Female,Tier 3,₹12L-25L,In-Store,4,1610.0,80.0,Makeup,Premium,1,2,4.2,966.0,0,0,23,0
TIRA00688,41,Female,Tier 1,₹25L+,In-Store,9,4750.0,38.2,Skincare,Premium,1,2,7.1,3842.0,0,1,1,0
TIRA00689,26,Female,Tier 1,₹12L-25L,In-Store,8,3287.0,47.6,Makeup,Luxury,1,3,4.8,2505.0,0,0,28,0
TIRA00690,26,Female,Tier 3,₹3L-6L,Paid Ad,11,3365.0,80.0,Makeup,Premium,1,4,4.9,2019.0,0,0,35,0
TIRA00691,32,Female,Tier 2,₹25L+,App,7,4195.0,16.1,Makeup,Masstige,0,6,7.0,3857.0,1,1,33,1
TIRA00692,28,Female,Tier 2,₹3L-6L,In-Store,11,1698.0,66.3,Haircare,Premium,1,4,5.2,1135.0,0,0,32,0
TIRA00693,37,Female,Tier 1,₹12L-25L,In-Store,13,2462.0,15.1,Fragrance,Premium,0,3,7.7,2277.0,1,1,9,1
TIRA00694,18,Female,Tier 1,₹12L-25L,Paid Ad,6,3404.0,13.7,Skincare,Premium,0,3,9.3,3170.0,1,1,7,1
TIRA00695,23,Female,Tier 2,₹6L-12L,Influencer,9,1086.0,31.0,Skincare,Premium,1,5,7.2,917.0,0,1,11,0
TIRA00696,23,Female,Tier 1,₹12L-25L,App,5,1214.0,25.9,Skincare,Luxury,0,5,8.3,1057.0,0,1,20,1
TIRA00697,18,Male,Tier 1,₹6L-12L,Influencer,7,2214.0,55.3,Skincare,Masstige,1,2,7.2,1603.0,0,1,28,0
TIRA00698,22,Female,Tier 2,₹3L-6L,App,10,1831.0,22.9,Skincare,Masstige,0,3,7.9,1622.0,1,1,35,0
TIRA00699,22,Male,Tier 1,₹3L-6L,Influencer,5,2787.0,20.5,Skincare,Luxury,0,3,5.3,2502.0,1,0,17,0
TIRA00700,28,Female,Tier 1,₹3L-6L,Influencer,8,3827.0,25.4,Fragrance,Premium,0,3,6.7,3341.0,0,0,17,0
TIRA00701,38,Male,Tier 1,₹3L-6L,In-Store,7,4100.0,7.0,Fragrance,Masstige,0,2,6.6,3957.0,1,0,30,0
TIRA00702,28,Female,Tier 1,₹12L-25L,Influencer,10,5371.0,4.6,Haircare,Luxury,0,4,10.0,5248.0,1,1,34,1
TIRA00703,21,Female,Tier 2,₹12L-25L,Paid Ad,11,3173.0,25.9,Makeup,Premium,0,1,6.0,2763.0,0,0,16,0
TIRA00704,29,Female,Tier 3,₹6L-12L,Paid Ad,14,3385.0,80.0,Haircare,Premium,1,4,3.3,2031.0,0,0,20,0
TIRA00705,38,Female,Tier 1,₹12L-25L,In-Store,3,3170.0,7.8,Makeup,Luxury,0,3,4.9,3047.0,1,0,10,1
TIRA00706,22,Female,Tier 1,₹3L-6L,Influencer,11,3584.0,37.1,Haircare,Premium,1,4,5.5,2919.0,0,0,13,0
TIRA00707,22,Male,Tier 1,₹6L-12L,In-Store,6,3678.0,55.3,Skincare,Premium,1,2,5.9,2661.0,0,0,27,0
TIRA00708,34,Male,Tier 1,₹12L-25L,Paid Ad,10,4307.0,14.0,Fragrance,Masstige,0,1,8.5,4004.0,1,1,6,1
TIRA00709,28,Female,Tier 1,₹25L+,Paid Ad,6,4302.0,17.0,Skincare,Premium,0,0,6.2,3936.0,1,0,11,1
TIRA00710,35,Male,Tier 3,₹6L-12L,App,12,3823.0,56.5,Skincare,Premium,1,4,6.9,2743.0,0,0,4,0
TIRA00711,29,Male,Tier 1,₹3L-6L,App,11,5012.0,42.8,Makeup,Premium,1,3,6.2,3940.0,0,0,9,0
TIRA00712,35,Male,Tier 1,₹12L-25L,App,9,3232.0,15.5,Skincare,Premium,0,3,6.9,2981.0,1,0,25,1
TIRA00713,21,Female,Tier 3,₹25L+,App,7,2466.0,35.7,Wellness,Masstige,1,4,6.7,2026.0,0,0,31,0
TIRA00714,29,Female,Tier 1,₹6L-12L,In-Store,7,2662.0,37.3,Haircare,Premium,1,2,7.9,2165.0,0,1,12,0
TIRA00715,28,Female,Tier 3,₹6L-12L,App,8,3073.0,67.3,Fragrance,Masstige,1,3,5.4,2038.0,0,0,32,0
TIRA00716,20,Female,Tier 1,₹3L-6L,Influencer,2,1900.0,20.6,Wellness,Luxury,0,0,6.1,1704.0,1,0,15,0
TIRA00717,18,Male,Tier 1,₹12L-25L,App,9,2464.0,13.0,Makeup,Premium,0,5,7.9,2304.0,1,1,10,1
TIRA00718,35,Female,Tier 3,₹25L+,App,10,1832.0,53.6,Fragrance,Premium,1,2,6.3,1341.0,0,0,33,0
TIRA00719,27,Female,Tier 1,₹12L-25L,Influencer,8,3613.0,60.0,Luxury Tools,Premium,1,3,5.4,2528.0,0,0,18,0
TIRA00720,21,Female,Tier 1,₹6L-12L,In-Store,9,3625.0,37.1,Skincare,Masstige,1,5,7.5,2952.0,0,1,7,0
TIRA00721,29,Male,Tier 1,₹12L-25L,In-Store,7,1077.0,34.9,Skincare,Premium,1,2,4.3,889.0,0,0,8,0
TIRA00722,39,Female,Tier 2,₹12L-25L,Paid Ad,4,2415.0,5.1,Makeup,Masstige,0,4,8.2,2354.0,1,1,14,0
TIRA00723,18,Female,Tier 2,₹6L-12L,Word of Mouth,10,5390.0,16.3,Makeup,Premium,0,1,8.1,4950.0,1,1,4,1
TIRA00724,18,Male,Tier 1,₹12L-25L,Influencer,8,3956.0,14.4,Haircare,Masstige,0,1,6.0,3670.0,1,0,32,0
TIRA00725,22,Non-binary,Tier 2,₹6L-12L,App,5,3745.0,28.3,Skincare,Premium,0,3,5.4,3215.0,0,0,22,0
TIRA00726,41,Female,Tier 2,₹6L-12L,App,12,2403.0,53.0,Fragrance,Masstige,1,2,6.9,1766.0,0,0,33,0
TIRA00727,32,Male,Tier 1,₹12L-25L,Word of Mouth,5,3545.0,37.0,Haircare,Masstige,1,4,7.7,2888.0,0,1,9,0
TIRA00728,36,Male,Tier 1,₹6L-12L,Influencer,2,3183.0,50.7,Makeup,Premium,1,5,7.3,2376.0,0,1,29,0
TIRA00729,20,Female,Tier 1,₹25L+,Paid Ad,3,2244.0,51.0,Haircare,Premium,1,3,5.3,1672.0,0,0,24,0
TIRA00730,21,Male,Tier 1,₹12L-25L,Influencer,10,2607.0,58.4,Fragrance,Masstige,1,2,5.9,1847.0,0,0,14,0
TIRA00731,33,Female,Tier 1,₹6L-12L,App,11,2634.0,10.3,Skincare,Premium,0,3,7.9,2499.0,1,1,13,1
TIRA00732,30,Female,Tier 1,₹6L-12L,In-Store,7,1414.0,20.3,Makeup,Luxury,0,4,5.5,1270.0,1,0,5,0
TIRA00733,34,Female,Tier 1,₹12L-25L,Paid Ad,13,1612.0,28.7,Haircare,Premium,0,3,7.0,1380.0,0,1,28,0
TIRA00734,28,Female,Tier 1,₹6L-12L,Paid Ad,10,2961.0,23.7,Makeup,Premium,0,3,7.2,2610.0,1,1,28,0
TIRA00735,32,Female,Tier 2,₹12L-25L,App,9,2182.0,34.6,Skincare,Masstige,1,3,7.4,1804.0,0,1,20,0
TIRA00736,31,Female,Tier 1,₹6L-12L,Influencer,5,2839.0,32.9,Fragrance,Masstige,1,2,6.1,2372.0,0,0,30,0
TIRA00737,36,Female,Tier 3,₹6L-12L,App,8,1273.0,40.7,Skincare,Masstige,1,1,7.6,1014.0,0,1,22,0
TIRA00738,36,Female,Tier 3,₹12L-25L,Word of Mouth,7,4162.0,23.8,Skincare,Luxury,0,7,7.1,3665.0,1,1,26,1
TIRA00739,18,Female,Tier 2,₹3L-6L,App,10,5697.0,9.5,Fragrance,Masstige,0,7,9.3,5426.0,1,1,35,1
TIRA00740,18,Female,Tier 3,₹12L-25L,Influencer,13,4433.0,21.1,Haircare,Masstige,0,3,7.9,3965.0,1,1,12,0
TIRA00741,38,Female,Tier 3,₹12L-25L,App,9,4557.0,16.8,Makeup,Masstige,0,3,7.6,4173.0,1,1,23,1
TIRA00742,39,Female,Tier 1,₹6L-12L,Influencer,9,3951.0,18.3,Makeup,Luxury,0,5,6.1,3589.0,1,0,23,1
TIRA00743,21,Female,Tier 2,₹12L-25L,Influencer,10,3519.0,20.4,Skincare,Premium,0,3,5.9,3159.0,1,0,32,0
TIRA00744,18,Male,Tier 1,₹12L-25L,In-Store,3,3304.0,26.9,Skincare,Luxury,0,1,8.5,2859.0,0,1,25,1
TIRA00745,30,Female,Tier 2,₹12L-25L,Paid Ad,6,2103.0,12.7,Luxury Tools,Premium,0,0,8.4,1969.0,1,1,10,1
TIRA00746,37,Male,Tier 1,₹6L-12L,Paid Ad,11,4028.0,24.8,Skincare,Luxury,0,5,6.7,3529.0,1,0,32,0
TIRA00747,44,Female,Tier 1,₹6L-12L,Paid Ad,10,3957.0,30.4,Skincare,Luxury,1,3,6.4,3355.0,0,0,29,0
TIRA00748,34,Male,Tier 1,₹12L-25L,In-Store,10,2644.0,22.0,Haircare,Premium,0,2,7.3,2354.0,1,1,5,0
TIRA00749,27,Non-binary,Tier 3,₹12L-25L,Influencer,7,3831.0,37.2,Fragrance,Luxury,1,6,5.2,3119.0,0,0,26,0
TIRA00750,22,Male,Tier 1,₹12L-25L,Influencer,12,2367.0,43.3,Haircare,Luxury,1,5,5.8,1855.0,0,0,10,0
TIRA00751,30,Female,Tier 1,₹12L-25L,Influencer,6,2444.0,44.6,Skincare,Masstige,1,2,6.8,1898.0,0,0,10,0
TIRA00752,27,Female,Tier 1,₹12L-25L,In-Store,9,4130.0,29.6,Skincare,Premium,0,2,7.6,3519.0,0,1,15,1
TIRA00753,21,Female,Tier 1,₹6L-12L,Influencer,8,3717.0,32.7,Wellness,Premium,1,3,6.3,3110.0,0,0,12,0
TIRA00754,46,Female,Tier 2,₹12L-25L,App,6,2922.0,15.2,Haircare,Luxury,0,4,9.0,2699.0,1,1,29,1
TIRA00755,44,Male,Tier 2,₹6L-12L,In-Store,6,2783.0,29.9,Fragrance,Premium,0,2,7.9,2367.0,0,1,7,0
TIRA00756,39,Non-binary,Tier 1,₹6L-12L,App,7,3410.0,18.9,Makeup,Premium,0,3,6.5,3088.0,1,0,32,1
TIRA00757,22,Female,Tier 1,₹12L-25L,App,7,998.0,27.9,Haircare,Masstige,0,4,5.6,858.0,0,0,2,0
TIRA00758,36,Female,Tier 1,₹6L-12L,App,10,2291.0,76.3,Wellness,Luxury,1,1,5.5,1417.0,0,0,10,0
TIRA00759,35,Female,Tier 1,₹6L-12L,App,5,1682.0,43.2,Makeup,Masstige,1,3,5.8,1319.0,0,0,16,0
TIRA00760,33,Female,Tier 2,₹25L+,Paid Ad,9,3214.0,59.0,Skincare,Premium,1,4,5.0,2266.0,0,0,18,0
TIRA00761,39,Female,Tier 2,₹12L-25L,In-Store,10,4506.0,54.1,Skincare,Masstige,1,3,6.1,3286.0,0,0,31,0
TIRA00762,35,Female,Tier 1,₹12L-25L,App,15,3773.0,31.7,Haircare,Luxury,1,2,7.5,3175.0,0,1,22,1
TIRA00763,35,Male,Tier 2,₹25L+,Paid Ad,10,2586.0,44.1,Skincare,Luxury,1,2,7.0,2016.0,0,1,19,1
TIRA00764,35,Female,Tier 1,₹6L-12L,Word of Mouth,6,2352.0,15.0,Skincare,Masstige,0,3,7.5,2176.0,1,1,6,0
TIRA00765,32,Female,Tier 2,₹12L-25L,Paid Ad,8,2295.0,33.2,Haircare,Luxury,1,5,4.4,1914.0,0,0,2,0
TIRA00766,18,Female,Tier 1,₹6L-12L,Paid Ad,7,5600.0,25.0,Haircare,Luxury,0,0,8.0,4900.0,1,1,28,1
TIRA00767,30,Male,Tier 2,₹6L-12L,Word of Mouth,7,3282.0,6.7,Makeup,Masstige,0,2,6.9,3171.0,1,0,21,0
TIRA00768,25,Female,Tier 1,₹6L-12L,Influencer,8,3440.0,46.0,Luxury Tools,Premium,1,0,6.5,2648.0,0,0,17,0
TIRA00769,19,Female,Tier 3,₹3L-6L,Word of Mouth,7,667.0,80.0,Skincare,Masstige,1,5,4.7,400.0,0,0,18,0
TIRA00770,43,Female,Tier 1,₹12L-25L,Word of Mouth,6,1783.0,20.5,Makeup,Masstige,0,1,9.4,1600.0,1,1,32,0
TIRA00771,43,Female,Tier 1,₹6L-12L,In-Store,5,3147.0,17.3,Makeup,Luxury,0,0,9.4,2875.0,1,1,17,1
TIRA00772,40,Female,Tier 1,₹12L-25L,Paid Ad,8,2602.0,37.8,Makeup,Masstige,1,1,6.0,2110.0,0,0,20,0
TIRA00773,32,Female,Tier 1,₹6L-12L,Paid Ad,5,3360.0,54.4,Haircare,Premium,1,4,4.5,2446.0,0,0,19,0
TIRA00774,40,Female,Tier 1,₹3L-6L,Paid Ad,6,3344.0,9.9,Haircare,Masstige,0,3,6.3,3178.0,1,0,30,0
TIRA00775,30,Male,Tier 2,₹25L+,Paid Ad,10,3921.0,17.0,Fragrance,Masstige,0,2,7.6,3587.0,1,1,8,1
TIRA00776,31,Female,Tier 2,₹12L-25L,In-Store,6,957.0,38.8,Fragrance,Premium,1,3,5.9,771.0,0,0,2,0
TIRA00777,21,Female,Tier 1,₹25L+,In-Store,4,1874.0,13.7,Wellness,Premium,0,2,6.3,1745.0,1,0,34,0
TIRA00778,33,Female,Tier 2,₹6L-12L,Influencer,8,3080.0,22.5,Luxury Tools,Luxury,0,5,6.6,2734.0,1,0,16,0
TIRA00779,30,Non-binary,Tier 2,₹3L-6L,Influencer,10,2423.0,12.4,Makeup,Masstige,0,3,8.0,2273.0,1,1,21,1
TIRA00780,19,Non-binary,Tier 1,₹12L-25L,Paid Ad,13,2828.0,41.3,Haircare,Premium,1,4,6.3,2243.0,0,0,15,0
TIRA00781,29,Male,Tier 1,₹12L-25L,Paid Ad,9,3331.0,22.8,Makeup,Premium,0,5,6.6,2952.0,1,0,11,0
TIRA00782,29,Female,Tier 1,₹3L-6L,Influencer,11,2306.0,37.5,Haircare,Premium,1,3,6.1,1873.0,0,0,7,0
TIRA00783,44,Female,Tier 1,₹25L+,Word of Mouth,8,3431.0,19.8,Skincare,Premium,0,1,7.0,3090.0,1,1,24,1
TIRA00784,37,Male,Tier 2,₹12L-25L,App,4,3853.0,17.8,Makeup,Masstige,0,6,7.5,3510.0,1,1,20,1
TIRA00785,30,Male,Tier 3,₹12L-25L,Word of Mouth,8,3278.0,64.5,Luxury Tools,Luxury,1,6,5.7,2221.0,0,0,22,0
TIRA00786,31,Female,Tier 2,₹6L-12L,App,12,4065.0,36.6,Haircare,Premium,1,5,4.9,3321.0,0,0,27,0
TIRA00787,30,Female,Tier 1,₹12L-25L,Influencer,7,592.0,8.2,Skincare,Luxury,0,1,7.8,568.0,1,1,11,1
TIRA00788,28,Female,Tier 2,₹6L-12L,App,8,2497.0,46.2,Makeup,Masstige,1,3,5.8,1919.0,0,0,18,0
TIRA00789,21,Male,Tier 2,₹25L+,Influencer,6,4271.0,4.4,Makeup,Masstige,0,5,6.8,4176.0,1,0,22,0
TIRA00790,28,Female,Tier 1,₹6L-12L,In-Store,8,2163.0,39.0,Fragrance,Premium,1,1,6.1,1741.0,0,0,30,0
TIRA00791,24,Female,Tier 2,₹6L-12L,App,8,2000.0,18.4,Skincare,Premium,0,2,8.4,1816.0,1,1,4,1
TIRA00792,19,Female,Tier 1,₹3L-6L,Influencer,11,3048.0,13.7,Makeup,Masstige,0,1,8.3,2839.0,1,1,11,1
TIRA00793,34,Female,Tier 1,₹12L-25L,Influencer,10,3179.0,19.0,Haircare,Masstige,0,0,7.3,2878.0,1,1,7,1
TIRA00794,33,Female,Tier 1,₹25L+,App,8,2558.0,20.6,Makeup,Masstige,0,2,6.3,2295.0,1,0,11,0
TIRA00795,18,Female,Tier 1,₹25L+,Influencer,6,5412.0,22.9,Skincare,Masstige,0,4,5.7,4793.0,1,0,33,0
TIRA00796,29,Male,Tier 3,₹12L-25L,App,10,3544.0,47.3,Fragrance,Masstige,1,3,5.2,2706.0,0,0,6,0
TIRA00797,37,Female,Tier 1,₹25L+,App,8,2117.0,16.4,Fragrance,Luxury,0,3,7.4,1943.0,1,1,27,1
TIRA00798,38,Female,Tier 1,₹12L-25L,App,6,1473.0,26.1,Makeup,Luxury,0,0,7.0,1280.0,0,0,28,0
TIRA00799,38,Female,Tier 1,₹6L-12L,Influencer,5,3687.0,31.9,Skincare,Premium,1,6,6.1,3098.0,0,0,27,0
TIRA00800,30,Female,Tier 1,₹12L-25L,Paid Ad,3,2088.0,9.2,Haircare,Masstige,0,5,8.5,1992.0,1,1,6,1
TIRA00801,23,Female,Tier 1,₹3L-6L,Influencer,9,5783.0,71.0,Makeup,Premium,1,0,5.5,3731.0,0,0,3,0
TIRA00802,21,Female,Tier 1,₹6L-12L,Paid Ad,5,3714.0,41.7,Skincare,Luxury,1,5,3.7,2940.0,0,0,6,0
TIRA00803,32,Female,Tier 2,₹6L-12L,Influencer,12,3872.0,36.7,Makeup,Luxury,1,5,6.6,3162.0,0,0,30,0
TIRA00804,33,Male,Tier 1,₹6L-12L,Paid Ad,8,3498.0,5.6,Makeup,Masstige,0,2,8.5,3401.0,1,1,1,1
TIRA00805,40,Female,Tier 2,₹25L+,Word of Mouth,7,4546.0,5.0,Fragrance,Masstige,0,2,8.0,4433.0,1,1,26,1
TIRA00806,38,Female,Tier 1,₹25L+,In-Store,7,500.0,63.8,Wellness,Premium,1,3,6.0,341.0,0,0,14,0
TIRA00807,28,Female,Tier 2,₹6L-12L,App,6,1756.0,11.3,Haircare,Premium,0,0,7.3,1657.0,1,1,34,1
TIRA00808,20,Male,Tier 2,₹12L-25L,App,4,4441.0,30.0,Skincare,Masstige,0,3,6.7,3776.0,0,0,16,0
TIRA00809,27,Female,Tier 1,₹6L-12L,Influencer,11,5001.0,19.9,Skincare,Premium,0,2,7.2,4504.0,1,1,17,1
TIRA00810,31,Male,Tier 1,₹3L-6L,In-Store,5,1718.0,67.4,Skincare,Masstige,1,3,5.5,1139.0,0,0,16,0
TIRA00811,28,Male,Tier 3,₹6L-12L,App,16,1018.0,71.2,Haircare,Masstige,1,3,4.6,655.0,0,0,29,0
TIRA00812,25,Female,Tier 1,₹6L-12L,Paid Ad,8,3401.0,31.1,Makeup,Premium,1,1,7.8,2872.0,0,1,27,1
TIRA00813,32,Female,Tier 2,₹6L-12L,Word of Mouth,5,3782.0,51.3,Wellness,Luxury,1,3,7.4,2812.0,0,1,34,1
TIRA00814,25,Male,Tier 1,₹6L-12L,App,12,3377.0,50.6,Makeup,Masstige,1,2,5.4,2522.0,0,0,15,0
TIRA00815,24,Female,Tier 1,₹3L-6L,App,5,3128.0,10.6,Skincare,Luxury,0,2,6.4,2963.0,1,0,30,1
TIRA00816,32,Female,Tier 1,₹6L-12L,App,8,978.0,30.7,Makeup,Masstige,1,3,5.4,828.0,0,0,1,0
TIRA00817,26,Female,Tier 3,₹25L+,In-Store,6,2750.0,20.6,Makeup,Premium,0,3,7.6,2466.0,1,1,22,0
TIRA00818,31,Female,Tier 1,₹3L-6L,Paid Ad,6,2929.0,13.3,Skincare,Masstige,0,2,8.1,2734.0,1,1,22,0
TIRA00819,32,Female,Tier 2,₹6L-12L,Influencer,9,2542.0,40.0,Makeup,Masstige,1,5,6.8,2033.0,0,0,2,0
TIRA00820,20,Female,Tier 2,₹12L-25L,App,8,898.0,27.8,Skincare,Masstige,0,1,7.4,773.0,0,1,6,0
TIRA00821,26,Female,Tier 1,₹6L-12L,In-Store,8,3902.0,42.0,Skincare,Premium,1,3,5.8,3083.0,0,0,35,0
TIRA00822,41,Female,Tier 1,₹12L-25L,App,11,4239.0,5.3,Makeup,Luxury,0,4,5.8,4126.0,1,0,1,1
TIRA00823,20,Female,Tier 1,₹3L-6L,In-Store,5,2246.0,30.6,Fragrance,Masstige,1,8,6.3,1902.0,0,0,18,0
TIRA00824,18,Male,Tier 1,₹12L-25L,In-Store,10,2977.0,55.4,Fragrance,Masstige,1,1,7.4,2152.0,0,1,28,0
TIRA00825,18,Female,Tier 2,₹12L-25L,Influencer,8,2604.0,24.5,Skincare,Premium,0,3,7.3,2285.0,1,1,35,0
TIRA00826,30,Female,Tier 1,₹12L-25L,In-Store,8,2615.0,29.7,Makeup,Premium,0,1,7.2,2227.0,0,1,9,0
TIRA00827,30,Female,Tier 1,₹12L-25L,Paid Ad,6,3792.0,6.6,Fragrance,Luxury,0,4,8.6,3666.0,1,1,22,1
TIRA00828,29,Female,Tier 2,₹6L-12L,App,10,3821.0,28.9,Wellness,Masstige,0,2,6.0,3268.0,0,0,27,0
TIRA00829,39,Female,Tier 2,₹6L-12L,Paid Ad,10,4490.0,6.5,Fragrance,Premium,0,0,8.0,4344.0,1,1,32,1
TIRA00830,18,Female,Tier 1,₹6L-12L,App,6,4465.0,47.4,Makeup,Premium,1,3,6.6,3407.0,0,0,23,0
TIRA00831,33,Female,Tier 2,₹12L-25L,In-Store,5,2994.0,26.6,Fragrance,Luxury,0,4,6.0,2595.0,0,0,9,0
TIRA00832,42,Female,Tier 1,₹3L-6L,Paid Ad,9,6611.0,20.2,Haircare,Premium,0,4,7.6,5941.0,1,1,31,0
TIRA00833,20,Female,Tier 2,₹6L-12L,Influencer,8,5060.0,64.3,Skincare,Masstige,1,3,6.7,3433.0,0,0,34,0
TIRA00834,26,Female,Tier 1,₹12L-25L,App,9,2410.0,42.1,Skincare,Masstige,1,3,5.9,1903.0,0,0,13,0
TIRA00835,23,Female,Tier 1,₹3L-6L,In-Store,8,3352.0,41.6,Luxury Tools,Premium,1,4,4.6,2654.0,0,0,18,0
TIRA00836,22,Female,Tier 1,₹3L-6L,Influencer,6,817.0,39.3,Luxury Tools,Premium,1,3,6.6,656.0,0,0,23,0
TIRA00837,27,Female,Tier 2,₹12L-25L,Word of Mouth,6,3233.0,13.9,Makeup,Premium,0,1,6.8,3007.0,1,0,30,1
TIRA00838,41,Female,Tier 2,₹6L-12L,Influencer,9,5208.0,63.8,Haircare,Masstige,1,2,5.6,3547.0,0,0,20,0
TIRA00839,44,Female,Tier 1,₹12L-25L,App,15,6538.0,15.1,Skincare,Masstige,0,2,6.6,6045.0,1,0,27,0
TIRA00840,27,Female,Tier 3,₹25L+,In-Store,10,3054.0,21.6,Haircare,Premium,0,4,7.2,2724.0,1,1,28,0
TIRA00841,45,Female,Tier 2,₹25L+,App,6,3602.0,26.9,Makeup,Masstige,0,8,8.2,3117.0,0,1,8,0
TIRA00842,30,Female,Tier 1,₹6L-12L,App,6,3926.0,25.9,Skincare,Luxury,0,5,6.9,3417.0,0,0,12,0
TIRA00843,44,Male,Tier 2,₹6L-12L,Influencer,7,5576.0,25.5,Makeup,Luxury,0,3,5.3,4863.0,0,0,30,0
TIRA00844,29,Female,Tier 1,₹12L-25L,Paid Ad,12,2020.0,47.0,Makeup,Masstige,1,3,6.5,1546.0,0,0,21,0
TIRA00845,31,Female,Tier 3,₹12L-25L,App,7,6387.0,26.9,Luxury Tools,Premium,0,1,6.9,5527.0,0,0,8,0
TIRA00846,32,Female,Tier 1,₹12L-25L,Paid Ad,11,2820.0,4.6,Fragrance,Masstige,0,0,8.0,2755.0,1,1,19,1
TIRA00847,55,Non-binary,Tier 1,₹6L-12L,Influencer,8,1796.0,50.5,Skincare,Luxury,1,5,7.0,1343.0,0,0,8,0
TIRA00848,36,Female,Tier 1,₹3L-6L,Paid Ad,9,2822.0,47.3,Skincare,Premium,1,2,5.6,2154.0,0,0,2,0
TIRA00849,24,Female,Tier 1,₹6L-12L,App,9,2228.0,36.5,Skincare,Premium,1,4,6.3,1821.0,0,0,17,0
TIRA00850,37,Non-binary,Tier 2,₹6L-12L,In-Store,9,3703.0,67.7,Skincare,Premium,1,4,4.3,2450.0,0,0,2,0
TIRA00851,27,Female,Tier 1,₹3L-6L,App,11,1217.0,26.1,Makeup,Masstige,0,2,7.2,1058.0,0,1,34,0
TIRA00852,26,Non-binary,Tier 1,₹25L+,App,7,3370.0,33.6,Makeup,Masstige,1,2,6.8,2804.0,0,0,32,0
TIRA00853,37,Female,Tier 1,₹3L-6L,In-Store,9,3997.0,12.4,Skincare,Masstige,0,5,7.2,3749.0,1,1,8,1
TIRA00854,30,Female,Tier 3,₹12L-25L,In-Store,7,4979.0,69.4,Wellness,Premium,1,2,6.0,3252.0,0,0,23,0
TIRA00855,32,Female,Tier 2,₹25L+,App,8,4017.0,24.7,Haircare,Masstige,0,3,6.0,3520.0,1,0,14,0
TIRA00856,30,Female,Tier 1,₹6L-12L,App,4,4906.0,10.2,Skincare,Luxury,0,2,7.7,4655.0,1,1,22,1
TIRA00857,32,Male,Tier 1,₹12L-25L,Word of Mouth,10,2473.0,24.8,Haircare,Premium,0,0,7.6,2166.0,1,1,19,0
TIRA00858,33,Female,Tier 1,₹12L-25L,Paid Ad,12,3673.0,39.6,Skincare,Luxury,1,3,5.9,2946.0,0,0,27,0
TIRA00859,18,Non-binary,Tier 3,₹6L-12L,In-Store,10,525.0,49.1,Haircare,Masstige,1,4,4.7,396.0,0,0,27,0
TIRA00860,35,Female,Tier 2,₹6L-12L,Word of Mouth,7,3063.0,18.6,Makeup,Luxury,0,1,5.6,2779.0,1,0,1,1
TIRA00861,22,Female,Tier 2,₹12L-25L,App,10,3664.0,47.5,Skincare,Premium,1,3,6.3,2794.0,0,0,30,0
TIRA00862,18,Non-binary,Tier 3,₹12L-25L,In-Store,7,3773.0,48.9,Makeup,Premium,1,3,7.7,2850.0,0,1,9,1
TIRA00863,29,Female,Tier 1,₹12L-25L,Paid Ad,6,1311.0,22.4,Wellness,Luxury,0,3,6.5,1164.0,1,0,23,0
TIRA00864,30,Male,Tier 2,₹25L+,In-Store,11,2732.0,30.3,Haircare,Premium,1,4,7.2,2317.0,0,1,23,0
TIRA00865,24,Female,Tier 1,₹6L-12L,App,5,2899.0,53.0,Makeup,Premium,1,5,3.5,2131.0,0,0,23,0
TIRA00866,36,Female,Tier 1,₹12L-25L,In-Store,3,2685.0,29.3,Fragrance,Luxury,0,4,7.2,2291.0,0,1,26,0
TIRA00867,19,Female,Tier 1,₹12L-25L,In-Store,9,4070.0,39.0,Fragrance,Masstige,1,2,5.4,3276.0,0,0,5,0
TIRA00868,26,Female,Tier 1,₹12L-25L,Influencer,10,2940.0,15.7,Fragrance,Masstige,0,3,7.0,2710.0,1,0,23,0
TIRA00869,25,Female,Tier 3,₹12L-25L,In-Store,13,3319.0,12.8,Skincare,Luxury,0,6,7.6,3107.0,1,1,14,1
TIRA00870,29,Female,Tier 1,₹12L-25L,In-Store,12,2612.0,49.8,Skincare,Luxury,1,4,4.3,1962.0,0,0,15,0
TIRA00871,32,Female,Tier 2,₹25L+,App,8,4478.0,53.9,Fragrance,Premium,1,2,9.0,3271.0,0,1,6,0
TIRA00872,21,Female,Tier 2,₹6L-12L,In-Store,5,4567.0,40.9,Wellness,Luxury,1,3,5.8,3633.0,0,0,21,0
TIRA00873,35,Male,Tier 2,₹12L-25L,App,12,2830.0,6.0,Makeup,Luxury,0,4,8.4,2746.0,1,1,12,1
TIRA00874,30,Female,Tier 3,₹6L-12L,Paid Ad,11,6621.0,19.0,Wellness,Premium,0,4,8.7,5991.0,1,1,25,1
TIRA00875,18,Female,Tier 1,₹12L-25L,Influencer,13,2280.0,53.7,Haircare,Masstige,1,3,6.1,1668.0,0,0,17,0
TIRA00876,18,Non-binary,Tier 1,₹12L-25L,In-Store,4,4409.0,15.4,Skincare,Premium,0,2,6.2,4069.0,1,0,15,0
TIRA00877,29,Female,Tier 1,₹12L-25L,Influencer,7,2059.0,38.8,Luxury Tools,Premium,1,6,6.6,1659.0,0,0,18,0
TIRA00878,28,Female,Tier 1,₹6L-12L,App,9,4128.0,56.1,Fragrance,Masstige,1,3,3.9,2969.0,0,0,20,0
TIRA00879,29,Female,Tier 3,₹12L-25L,In-Store,7,4034.0,4.4,Makeup,Luxury,0,2,7.5,3945.0,1,1,24,1
TIRA00880,29,Female,Tier 1,₹6L-12L,In-Store,12,1986.0,17.3,Haircare,Premium,0,2,9.0,1814.0,1,1,3,1
TIRA00881,31,Female,Tier 1,₹6L-12L,In-Store,4,3043.0,18.1,Makeup,Luxury,0,3,5.9,2768.0,1,0,29,1
TIRA00882,37,Female,Tier 1,₹6L-12L,Influencer,9,5441.0,22.1,Makeup,Premium,0,1,6.3,4840.0,1,0,6,0
TIRA00883,21,Female,Tier 1,₹25L+,Word of Mouth,7,2223.0,14.3,Makeup,Masstige,0,4,9.3,2064.0,1,1,9,1
TIRA00884,20,Female,Tier 2,₹6L-12L,In-Store,7,3682.0,23.4,Makeup,Premium,0,3,6.9,3252.0,1,0,28,0
TIRA00885,21,Female,Tier 1,₹25L+,In-Store,12,3603.0,43.3,Haircare,Premium,1,4,5.4,2822.0,0,0,1,0
TIRA00886,32,Female,Tier 2,₹6L-12L,Influencer,13,3149.0,44.8,Skincare,Premium,1,3,6.6,2444.0,0,0,14,0
TIRA00887,39,Female,Tier 2,₹12L-25L,App,7,1123.0,38.3,Skincare,Masstige,1,4,6.0,908.0,0,0,24,0
TIRA00888,26,Female,Tier 2,₹12L-25L,App,9,4194.0,29.5,Skincare,Luxury,0,5,4.1,3575.0,0,0,28,0
TIRA00889,18,Male,Tier 1,₹12L-25L,Word of Mouth,9,3214.0,39.8,Makeup,Masstige,1,3,5.0,2575.0,0,0,32,0
TIRA00890,18,Female,Tier 2,₹12L-25L,Paid Ad,8,4525.0,65.1,Makeup,Premium,1,7,7.5,3052.0,0,1,24,0
TIRA00891,23,Female,Tier 1,₹12L-25L,Word of Mouth,5,3478.0,52.5,Makeup,Premium,1,5,6.2,2565.0,0,0,9,0
TIRA00892,25,Female,Tier 1,₹25L+,App,8,3277.0,53.7,Makeup,Luxury,1,2,7.3,2397.0,0,1,13,1
TIRA00893,26,Female,Tier 2,₹12L-25L,App,11,3647.0,68.0,Skincare,Premium,1,5,4.2,2406.0,0,0,1,0
TIRA00894,30,Female,Tier 2,₹3L-6L,In-Store,12,2015.0,68.8,Fragrance,Masstige,1,2,5.2,1322.0,0,0,27,0
TIRA00895,27,Female,Tier 1,₹6L-12L,Word of Mouth,10,5070.0,43.3,Haircare,Luxury,1,4,6.1,3973.0,0,0,1,0
TIRA00896,38,Non-binary,Tier 3,₹12L-25L,App,10,2750.0,19.7,Haircare,Luxury,0,4,6.7,2478.0,1,0,5,0
TIRA00897,24,Female,Tier 1,₹6L-12L,App,8,2765.0,10.5,Skincare,Masstige,0,3,7.8,2620.0,1,1,35,1
TIRA00898,23,Male,Tier 2,₹12L-25L,App,6,4751.0,22.3,Haircare,Luxury,0,1,6.0,4221.0,1,0,6,0
TIRA00899,33,Female,Tier 3,₹12L-25L,Paid Ad,4,3497.0,59.0,Makeup,Luxury,1,3,6.8,2465.0,0,0,10,0
TIRA00900,18,Female,Tier 1,₹6L-12L,Paid Ad,4,2916.0,40.8,Haircare,Masstige,1,1,6.8,2322.0,0,0,15,0
TIRA00901,33,Female,Tier 2,₹12L-25L,Influencer,10,3697.0,19.8,Skincare,Luxury,0,3,7.0,3331.0,1,1,5,1
TIRA00902,30,Female,Tier 2,₹12L-25L,App,3,3951.0,12.9,Haircare,Masstige,0,5,7.6,3696.0,1,1,23,1
TIRA00903,28,Male,Tier 2,₹12L-25L,Influencer,10,3058.0,14.8,Wellness,Luxury,0,5,7.1,2832.0,1,1,11,1
TIRA00904,42,Non-binary,Tier 2,₹12L-25L,In-Store,7,4307.0,48.2,Fragrance,Masstige,1,2,4.3,3268.0,0,0,11,0
TIRA00905,25,Male,Tier 2,₹25L+,App,8,1675.0,18.0,Fragrance,Premium,0,7,6.3,1524.0,1,0,21,0
TIRA00906,46,Female,Tier 1,₹12L-25L,App,11,3514.0,30.5,Skincare,Luxury,1,3,6.6,2978.0,0,0,12,0
TIRA00907,28,Male,Tier 2,₹25L+,In-Store,6,4160.0,15.6,Makeup,Masstige,0,6,7.0,3837.0,1,1,8,1
TIRA00908,19,Female,Tier 1,₹3L-6L,In-Store,7,3946.0,32.7,Skincare,Luxury,1,1,7.3,3300.0,0,1,31,1
TIRA00909,30,Male,Tier 3,₹12L-25L,Word of Mouth,9,511.0,24.3,Makeup,Masstige,0,0,7.6,449.0,1,1,21,0
TIRA00910,21,Female,Tier 1,₹12L-25L,In-Store,8,3048.0,40.5,Haircare,Masstige,1,5,5.8,2432.0,0,0,32,0
TIRA00911,23,Female,Tier 1,₹6L-12L,In-Store,9,1743.0,32.5,Haircare,Luxury,1,3,5.7,1460.0,0,0,13,0
TIRA00912,33,Female,Tier 3,₹6L-12L,Influencer,3,4743.0,20.7,Wellness,Luxury,0,3,7.9,4252.0,1,1,32,1
TIRA00913,34,Female,Tier 1,₹12L-25L,Influencer,7,2731.0,44.5,Wellness,Premium,1,3,6.4,2124.0,0,0,32,0
TIRA00914,25,Female,Tier 1,₹6L-12L,App,7,4610.0,6.3,Skincare,Luxury,0,3,7.1,4465.0,1,1,1,1
TIRA00915,37,Male,Tier 2,₹25L+,Influencer,10,1740.0,44.1,Luxury Tools,Masstige,1,4,5.1,1356.0,0,0,5,0
TIRA00916,39,Male,Tier 1,₹6L-12L,App,9,3669.0,29.3,Fragrance,Premium,0,5,6.2,3131.0,0,0,28,0
TIRA00917,41,Non-binary,Tier 1,₹6L-12L,In-Store,2,3210.0,32.9,Haircare,Luxury,1,10,7.1,2682.0,0,1,11,1
TIRA00918,34,Female,Tier 1,₹12L-25L,Influencer,5,6517.0,34.7,Skincare,Luxury,1,2,8.3,5385.0,0,1,27,1
TIRA00919,40,Female,Tier 1,₹6L-12L,Influencer,6,4614.0,15.1,Skincare,Premium,0,1,7.2,4265.0,1,1,16,1
TIRA00920,18,Female,Tier 1,₹3L-6L,In-Store,7,4537.0,30.3,Makeup,Premium,1,2,6.0,3849.0,0,0,10,0
TIRA00921,27,Female,Tier 1,₹12L-25L,App,7,5633.0,18.2,Skincare,Premium,0,3,9.4,5121.0,1,1,8,1
TIRA00922,23,Female,Tier 1,₹12L-25L,In-Store,8,3541.0,9.2,Skincare,Masstige,0,4,7.3,3377.0,1,1,8,1
TIRA00923,30,Female,Tier 1,₹6L-12L,In-Store,8,3081.0,8.0,Skincare,Luxury,0,5,6.9,2957.0,1,0,24,1
TIRA00924,25,Female,Tier 1,₹12L-25L,Word of Mouth,9,2944.0,10.2,Makeup,Masstige,0,3,7.2,2793.0,1,1,2,0
TIRA00925,28,Female,Tier 2,₹12L-25L,In-Store,5,3593.0,22.4,Makeup,Premium,0,7,6.6,3192.0,1,0,7,0
TIRA00926,45,Female,Tier 2,₹12L-25L,Paid Ad,8,500.0,32.4,Skincare,Masstige,1,0,8.0,419.0,0,1,29,0
TIRA00927,28,Female,Tier 1,₹6L-12L,In-Store,10,3203.0,24.6,Fragrance,Premium,0,3,5.3,2809.0,1,0,12,0
TIRA00928,33,Female,Tier 1,₹6L-12L,Paid Ad,6,3472.0,47.9,Skincare,Luxury,1,4,6.7,2640.0,0,0,22,0
TIRA00929,28,Male,Tier 3,₹25L+,App,10,3013.0,56.3,Makeup,Premium,1,3,5.7,2165.0,0,0,11,0
TIRA00930,30,Female,Tier 2,₹12L-25L,App,9,1363.0,41.9,Makeup,Luxury,1,2,5.8,1077.0,0,0,1,0
TIRA00931,30,Male,Tier 1,₹3L-6L,App,12,3020.0,16.1,Makeup,Premium,0,4,7.0,2778.0,1,1,16,1
TIRA00932,33,Female,Tier 1,₹12L-25L,App,9,1360.0,55.2,Skincare,Masstige,1,2,5.5,984.0,0,0,8,0
TIRA00933,39,Female,Tier 1,₹6L-12L,Word of Mouth,5,5329.0,39.0,Haircare,Luxury,1,3,6.5,4290.0,0,0,26,0
TIRA00934,43,Female,Tier 2,₹12L-25L,Influencer,11,2891.0,10.7,Skincare,Masstige,0,4,7.1,2736.0,1,1,30,0
TIRA00935,32,Male,Tier 3,₹12L-25L,Influencer,12,725.0,26.8,Skincare,Masstige,0,3,6.9,628.0,0,0,31,0
TIRA00936,34,Female,Tier 3,₹25L+,In-Store,7,2952.0,65.9,Makeup,Premium,1,7,4.6,1979.0,0,0,22,0
TIRA00937,20,Female,Tier 1,₹25L+,Influencer,8,4274.0,6.5,Skincare,Masstige,0,6,9.9,4135.0,1,1,3,1
TIRA00938,29,Female,Tier 1,₹6L-12L,Influencer,12,3411.0,37.9,Wellness,Luxury,1,4,7.5,2765.0,0,1,30,1
TIRA00939,37,Female,Tier 1,₹12L-25L,Paid Ad,10,2103.0,29.3,Makeup,Premium,0,2,7.3,1796.0,0,1,30,0
TIRA00940,36,Female,Tier 1,₹6L-12L,Influencer,5,2386.0,38.0,Skincare,Masstige,1,2,6.0,1932.0,0,0,6,0
TIRA00941,31,Female,Tier 1,₹12L-25L,Influencer,10,2856.0,36.5,Fragrance,Premium,1,7,7.4,2335.0,0,1,15,0
TIRA00942,37,Female,Tier 2,₹12L-25L,App,6,2672.0,6.0,Haircare,Masstige,0,5,8.1,2592.0,1,1,34,0
TIRA00943,33,Female,Tier 1,₹3L-6L,Word of Mouth,2,1689.0,66.7,Makeup,Premium,1,5,5.5,1126.0,0,0,29,0
TIRA00944,39,Female,Tier 3,₹3L-6L,App,5,3119.0,56.7,Wellness,Masstige,1,2,5.2,2234.0,0,0,8,0
TIRA00945,32,Female,Tier 1,₹3L-6L,In-Store,6,1600.0,55.1,Makeup,Luxury,1,5,6.1,1159.0,0,0,22,0
TIRA00946,27,Male,Tier 1,₹3L-6L,Paid Ad,12,4339.0,10.0,Skincare,Masstige,0,2,9.3,4123.0,1,1,11,1
TIRA00947,32,Male,Tier 3,₹6L-12L,App,6,4485.0,29.9,Fragrance,Masstige,0,0,6.9,3814.0,0,0,31,0
TIRA00948,18,Female,Tier 2,₹25L+,App,7,1996.0,12.2,Luxury Tools,Premium,0,4,7.2,1874.0,1,1,33,1
TIRA00949,33,Female,Tier 1,₹12L-25L,In-Store,10,2340.0,58.3,Skincare,Premium,1,1,5.8,1658.0,0,0,28,0
TIRA00950,18,Female,Tier 2,₹12L-25L,In-Store,8,2692.0,49.2,Skincare,Premium,1,3,6.1,2030.0,0,0,11,0
TIRA00951,18,Female,Tier 1,₹12L-25L,Word of Mouth,10,3162.0,15.2,Makeup,Premium,0,1,6.8,2922.0,1,0,14,1
TIRA00952,33,Female,Tier 1,₹12L-25L,Paid Ad,13,3508.0,35.5,Haircare,Masstige,1,0,5.8,2885.0,0,0,21,0
TIRA00953,33,Female,Tier 1,₹6L-12L,In-Store,7,3756.0,7.3,Skincare,Premium,0,5,8.5,3618.0,1,1,34,1
TIRA00954,20,Non-binary,Tier 1,₹25L+,Word of Mouth,5,3728.0,15.4,Wellness,Luxury,0,8,8.6,3440.0,1,1,13,1
TIRA00955,24,Female,Tier 2,₹12L-25L,Influencer,9,5065.0,46.3,Skincare,Masstige,1,2,8.4,3892.0,0,1,20,0
TIRA00956,40,Male,Tier 1,₹12L-25L,Paid Ad,10,3272.0,4.6,Fragrance,Premium,0,4,8.3,3197.0,1,1,26,1
TIRA00957,26,Female,Tier 2,₹25L+,App,7,1637.0,25.6,Fragrance,Premium,0,3,7.1,1427.0,0,1,14,0
TIRA00958,47,Female,Tier 2,₹12L-25L,In-Store,10,1269.0,26.2,Skincare,Luxury,0,3,7.9,1103.0,0,1,11,1
TIRA00959,29,Male,Tier 1,₹12L-25L,App,6,5163.0,52.6,Makeup,Masstige,1,1,5.0,3805.0,0,0,14,0
TIRA00960,33,Female,Tier 1,₹25L+,App,4,3812.0,18.1,Skincare,Masstige,0,4,7.9,3466.0,1,1,16,1
TIRA00961,42,Male,Tier 1,₹6L-12L,Influencer,8,3448.0,70.4,Haircare,Premium,1,3,6.2,2235.0,0,0,4,0
TIRA00962,31,Female,Tier 2,₹12L-25L,App,6,3739.0,23.5,Makeup,Premium,0,3,8.1,3300.0,1,1,3,1
TIRA00963,21,Female,Tier 2,₹3L-6L,In-Store,5,3392.0,15.1,Haircare,Masstige,0,2,9.1,3136.0,1,1,25,1
TIRA00964,29,Female,Tier 2,₹3L-6L,Influencer,11,3720.0,1.5,Makeup,Luxury,0,3,7.3,3693.0,1,1,33,1
TIRA00965,29,Male,Tier 1,₹12L-25L,App,3,2753.0,36.7,Makeup,Premium,1,9,6.0,2248.0,0,0,29,0
TIRA00966,19,Female,Tier 1,₹3L-6L,In-Store,5,4466.0,31.2,Skincare,Luxury,1,6,6.5,3769.0,0,0,32,0
TIRA00967,27,Male,Tier 1,₹25L+,Influencer,8,2570.0,6.2,Skincare,Luxury,0,1,6.6,2490.0,1,0,30,0
TIRA00968,24,Male,Tier 1,₹3L-6L,Paid Ad,6,2116.0,43.4,Makeup,Luxury,1,2,6.8,1657.0,0,0,29,0
TIRA00969,37,Female,Tier 2,₹12L-25L,App,5,1171.0,19.9,Luxury Tools,Premium,0,2,7.9,1054.0,1,1,3,1
TIRA00970,30,Female,Tier 1,₹6L-12L,Word of Mouth,12,2915.0,35.2,Haircare,Premium,1,1,7.2,2402.0,0,1,31,0
TIRA00971,27,Female,Tier 1,₹25L+,Paid Ad,13,4721.0,15.0,Makeup,Luxury,0,5,7.5,4366.0,1,1,16,1
TIRA00972,29,Male,Tier 1,₹6L-12L,Influencer,6,2651.0,25.1,Wellness,Masstige,0,3,8.0,2319.0,0,1,22,0
TIRA00973,31,Female,Tier 1,₹3L-6L,In-Store,8,1546.0,34.9,Skincare,Luxury,1,4,7.2,1276.0,0,1,32,1
TIRA00974,34,Female,Tier 2,₹3L-6L,Influencer,14,3542.0,32.8,Wellness,Premium,1,1,6.1,2960.0,0,0,3,0
TIRA00975,22,Female,Tier 1,₹12L-25L,Paid Ad,5,2419.0,34.8,Skincare,Luxury,1,4,3.7,1998.0,0,0,9,0
TIRA00976,21,Female,Tier 3,₹25L+,In-Store,5,5058.0,37.8,Skincare,Premium,1,1,6.2,4102.0,0,0,3,0
TIRA00977,38,Male,Tier 2,₹25L+,Word of Mouth,9,4490.0,30.6,Fragrance,Premium,1,4,6.8,3803.0,0,0,15,0
TIRA00978,26,Female,Tier 3,₹6L-12L,Word of Mouth,11,1675.0,25.1,Makeup,Premium,0,2,7.0,1464.0,0,1,28,0
TIRA00979,18,Female,Tier 2,₹6L-12L,In-Store,7,2991.0,11.6,Fragrance,Premium,0,3,7.4,2818.0,1,1,18,1
TIRA00980,33,Female,Tier 2,₹3L-6L,Influencer,7,2294.0,11.6,Haircare,Premium,0,6,7.0,2161.0,1,0,19,0
TIRA00981,33,Female,Tier 2,₹12L-25L,In-Store,5,1807.0,45.5,Skincare,Premium,1,6,5.3,1396.0,0,0,9,0
TIRA00982,18,Female,Tier 1,₹12L-25L,Paid Ad,10,3133.0,12.8,Skincare,Masstige,0,5,6.5,2933.0,1,0,10,0
TIRA00983,31,Male,Tier 1,₹6L-12L,Paid Ad,9,4182.0,10.3,Makeup,Luxury,0,2,8.0,3966.0,1,1,20,1
TIRA00984,35,Female,Tier 2,₹12L-25L,App,10,3102.0,87.8,Makeup,Luxury,1,5,5.6,1740.0,0,0,2,0
TIRA00985,32,Female,Tier 1,₹25L+,App,6,2581.0,31.6,Makeup,Luxury,1,3,5.5,2172.0,0,0,16,0
TIRA00986,35,Male,Tier 1,₹3L-6L,In-Store,9,553.0,77.5,Skincare,Luxury,1,4,4.8,338.0,0,0,35,0
TIRA00987,18,Female,Tier 3,₹6L-12L,Word of Mouth,4,2401.0,33.7,Skincare,Premium,1,3,7.4,1997.0,0,1,20,0
TIRA00988,32,Female,Tier 1,₹6L-12L,In-Store,6,3862.0,5.4,Makeup,Luxury,0,4,7.6,3758.0,1,1,4,1
TIRA00989,27,Female,Tier 1,₹3L-6L,Paid Ad,1,1590.0,3.0,Skincare,Premium,0,2,8.6,1566.0,1,1,15,1
TIRA00990,26,Non-binary,Tier 2,₹6L-12L,In-Store,7,4739.0,50.0,Makeup,Masstige,1,0,7.1,3555.0,0,1,13,0
TIRA00991,36,Female,Tier 1,₹12L-25L,App,8,2500.0,9.4,Skincare,Masstige,0,1,8.0,2382.0,1,1,25,0
TIRA00992,41,Female,Tier 3,₹3L-6L,Word of Mouth,9,3432.0,32.3,Fragrance,Masstige,1,5,6.2,2879.0,0,0,24,0
TIRA00993,44,Female,Tier 1,₹12L-25L,Influencer,8,2721.0,20.5,Makeup,Masstige,0,3,8.5,2443.0,1,1,35,0
TIRA00994,40,Female,Tier 3,₹25L+,In-Store,8,1788.0,61.3,Skincare,Premium,1,3,5.3,1240.0,0,0,22,0
TIRA00995,29,Female,Tier 2,₹25L+,App,12,3728.0,29.4,Haircare,Luxury,0,3,6.6,3180.0,0,0,9,0
TIRA00996,32,Female,Tier 1,₹12L-25L,App,9,2482.0,15.3,Makeup,Masstige,0,2,7.9,2292.0,1,1,5,1
TIRA00997,36,Male,Tier 1,₹6L-12L,App,2,2200.0,13.6,Makeup,Luxury,0,2,7.2,2051.0,1,1,6,1
TIRA00998,30,Male,Tier 1,₹3L-6L,In-Store,11,500.0,6.3,Skincare,Luxury,0,5,7.5,484.0,1,1,22,1
TIRA00999,31,Female,Tier 1,₹6L-12L,Influencer,8,4763.0,57.7,Makeup,Luxury,1,3,5.3,3390.0,0,0,21,0
TIRA01000,36,Male,Tier 1,₹25L+,In-Store,7,3207.0,24.1,Fragrance,Luxury,0,3,6.9,2822.0,1,0,12,0
TIRA01001,29,Non-binary,Tier 3,₹25L+,App,8,4528.0,3.3,Skincare,Luxury,0,2,8.1,4453.0,1,1,26,1
TIRA01002,24,Female,Tier 1,₹6L-12L,App,6,3944.0,36.9,Makeup,Masstige,1,3,4.6,3217.0,0,0,6,0
TIRA01003,26,Female,Tier 2,₹6L-12L,In-Store,5,4528.0,23.0,Skincare,Premium,0,2,7.0,4007.0,1,0,26,0
TIRA01004,35,Male,Tier 1,₹12L-25L,Word of Mouth,8,2523.0,67.1,Makeup,Premium,1,6,3.6,1677.0,0,0,22,0
TIRA01005,30,Female,Tier 3,₹6L-12L,In-Store,6,1553.0,57.9,Makeup,Masstige,1,5,5.3,1104.0,0,0,7,0
TIRA01006,32,Male,Tier 1,₹25L+,App,4,4115.0,14.0,Skincare,Premium,0,3,7.8,3827.0,1,1,32,1
TIRA01007,35,Female,Tier 1,₹6L-12L,Influencer,11,3356.0,34.7,Skincare,Premium,1,2,6.3,2774.0,0,0,31,0
TIRA01008,27,Female,Tier 2,₹6L-12L,Word of Mouth,13,2640.0,15.3,Makeup,Luxury,0,2,8.1,2439.0,1,1,27,1
TIRA01009,36,Male,Tier 1,₹6L-12L,Paid Ad,10,4091.0,41.2,Makeup,Masstige,1,3,6.7,3249.0,0,0,24,0
TIRA01010,33,Female,Tier 2,₹3L-6L,Paid Ad,13,3570.0,44.3,Luxury Tools,Luxury,1,3,4.1,2779.0,0,0,6,0
TIRA01011,20,Female,Tier 1,₹6L-12L,Word of Mouth,14,3967.0,12.3,Haircare,Masstige,0,2,8.7,3724.0,1,1,34,1
TIRA01012,41,Female,Tier 1,₹25L+,Influencer,11,1973.0,50.6,Fragrance,Premium,1,1,6.2,1474.0,0,0,7,0
TIRA01013,25,Female,Tier 1,₹3L-6L,Word of Mouth,6,4373.0,31.9,Luxury Tools,Premium,1,7,6.2,3675.0,0,0,29,0
TIRA01014,18,Female,Tier 2,₹12L-25L,App,9,3194.0,10.8,Skincare,Luxury,0,3,7.1,3023.0,1,1,17,1
TIRA01015,21,Female,Tier 1,₹6L-12L,Paid Ad,7,4502.0,18.0,Fragrance,Premium,0,4,5.2,4098.0,1,0,24,1
TIRA01016,21,Female,Tier 1,₹6L-12L,Paid Ad,10,4362.0,4.0,Wellness,Masstige,0,2,8.1,4274.0,1,1,1,1
TIRA01017,30,Female,Tier 1,₹3L-6L,Word of Mouth,7,4024.0,40.6,Makeup,Luxury,1,5,7.0,3206.0,0,1,12,1
TIRA01018,27,Female,Tier 1,₹6L-12L,In-Store,6,3067.0,14.5,Haircare,Masstige,0,3,6.7,2844.0,1,0,1,0
TIRA01019,27,Male,Tier 1,₹3L-6L,Paid Ad,8,4051.0,26.5,Skincare,Luxury,0,6,6.0,3515.0,0,0,26,0
TIRA01020,34,Female,Tier 3,₹6L-12L,App,5,4533.0,20.0,Skincare,Masstige,0,5,7.3,4081.0,1,1,9,1
TIRA01021,32,Female,Tier 1,₹12L-25L,Influencer,4,3928.0,34.7,Skincare,Masstige,1,3,7.8,3247.0,0,1,12,0
TIRA01022,32,Female,Tier 2,₹12L-25L,In-Store,7,3443.0,11.6,Skincare,Masstige,0,4,8.6,3243.0,1,1,4,1
TIRA01023,33,Female,Tier 1,₹25L+,Influencer,6,4054.0,25.7,Makeup,Premium,0,4,7.8,3534.0,0,1,5,1
TIRA01024,34,Male,Tier 1,₹6L-12L,Influencer,5,2569.0,67.5,Haircare,Luxury,1,3,7.3,1702.0,0,1,20,1
TIRA01025,18,Female,Tier 1,₹12L-25L,In-Store,13,5017.0,34.5,Skincare,Premium,1,3,7.5,4152.0,0,1,12,0
TIRA01026,27,Female,Tier 1,₹12L-25L,App,9,1182.0,15.6,Skincare,Masstige,0,3,8.5,1090.0,1,1,2,1
TIRA01027,18,Non-binary,Tier 1,₹6L-12L,In-Store,6,3241.0,12.5,Skincare,Premium,0,1,7.6,3039.0,1,1,30,1
TIRA01028,30,Male,Tier 1,₹6L-12L,Influencer,14,2713.0,21.1,Wellness,Premium,0,2,6.8,2426.0,1,0,9,0
TIRA01029,29,Male,Tier 1,₹12L-25L,Influencer,8,2431.0,47.4,Fragrance,Premium,1,4,7.2,1854.0,0,1,2,0
TIRA01030,38,Male,Tier 3,₹12L-25L,Influencer,4,3566.0,63.1,Skincare,Premium,1,2,4.5,2442.0,0,0,3,0
TIRA01031,39,Male,Tier 1,₹6L-12L,App,7,1849.0,73.1,Fragrance,Premium,1,1,5.5,1173.0,0,0,15,0
TIRA01032,31,Female,Tier 1,₹6L-12L,Paid Ad,15,5782.0,16.2,Fragrance,Premium,0,2,6.7,5314.0,1,0,19,1
TIRA01033,25,Female,Tier 1,₹25L+,Influencer,8,1577.0,11.7,Fragrance,Premium,0,3,7.9,1485.0,1,1,5,0
TIRA01034,33,Female,Tier 1,₹3L-6L,App,7,2058.0,41.4,Fragrance,Masstige,1,4,6.6,1632.0,0,0,13,0
TIRA01035,25,Female,Tier 2,₹25L+,In-Store,14,1945.0,8.9,Makeup,Luxury,0,1,7.8,1858.0,1,1,13,1
TIRA01036,29,Female,Tier 1,₹12L-25L,In-Store,12,3438.0,45.0,Skincare,Luxury,1,5,6.2,2664.0,0,0,3,0
TIRA01037,37,Female,Tier 2,₹12L-25L,In-Store,11,4417.0,51.4,Fragrance,Luxury,1,3,6.5,3281.0,0,0,23,0
TIRA01038,25,Female,Tier 1,₹12L-25L,App,3,3831.0,20.4,Fragrance,Luxury,0,3,7.9,3440.0,1,1,13,1
TIRA01039,36,Male,Tier 1,₹6L-12L,App,9,4967.0,22.5,Skincare,Premium,0,3,5.7,4408.0,1,0,25,0
TIRA01040,35,Male,Tier 3,₹12L-25L,App,10,2207.0,37.2,Makeup,Luxury,1,3,6.5,1797.0,0,0,1,0
TIRA01041,22,Female,Tier 1,₹12L-25L,App,7,3990.0,27.9,Makeup,Premium,0,1,6.5,3434.0,0,0,2,0
TIRA01042,37,Female,Tier 2,₹12L-25L,App,8,2836.0,37.7,Makeup,Premium,1,6,6.7,2301.0,0,0,29,0
TIRA01043,35,Female,Tier 1,₹6L-12L,Paid Ad,11,3474.0,12.9,Makeup,Luxury,0,5,7.1,3250.0,1,1,12,1
TIRA01044,30,Female,Tier 3,₹6L-12L,In-Store,9,4530.0,61.0,Skincare,Luxury,1,2,6.8,3149.0,0,0,13,0
TIRA01045,23,Male,Tier 1,₹6L-12L,In-Store,12,1169.0,52.5,Makeup,Premium,1,3,5.8,862.0,0,0,15,0
TIRA01046,23,Male,Tier 1,₹6L-12L,Influencer,2,5589.0,20.9,Skincare,Luxury,0,1,8.2,5005.0,1,1,24,1
TIRA01047,25,Male,Tier 2,₹12L-25L,In-Store,8,3026.0,30.9,Skincare,Premium,1,1,5.8,2558.0,0,0,25,0
TIRA01048,34,Male,Tier 1,₹12L-25L,App,11,1272.0,29.9,Makeup,Premium,0,2,6.5,1082.0,0,0,25,0
TIRA01049,22,Non-binary,Tier 1,₹12L-25L,App,8,2369.0,58.8,Makeup,Luxury,1,1,5.0,1673.0,0,0,31,0
TIRA01050,33,Female,Tier 3,₹12L-25L,App,5,3323.0,46.0,Makeup,Premium,1,3,6.6,2559.0,0,0,20,0
TIRA01051,20,Female,Tier 2,₹6L-12L,Influencer,5,2368.0,5.9,Skincare,Luxury,0,1,6.6,2298.0,1,0,9,0
TIRA01052,28,Female,Tier 2,₹6L-12L,In-Store,2,743.0,71.3,Makeup,Luxury,1,4,3.4,478.0,0,0,21,0
TIRA01053,30,Female,Tier 2,₹6L-12L,In-Store,12,3316.0,18.7,Skincare,Masstige,0,8,6.6,3006.0,1,0,11,0
TIRA01054,49,Female,Tier 2,₹6L-12L,Influencer,6,2334.0,12.8,Skincare,Luxury,0,5,8.1,2185.0,1,1,16,1
TIRA01055,18,Female,Tier 3,₹3L-6L,Word of Mouth,6,3981.0,55.1,Fragrance,Masstige,1,5,5.0,2884.0,0,0,1,0
TIRA01056,41,Non-binary,Tier 2,₹6L-12L,In-Store,7,1918.0,29.3,Makeup,Luxury,0,5,7.1,1637.0,0,1,15,1
TIRA01057,31,Female,Tier 1,₹6L-12L,In-Store,11,5914.0,11.3,Makeup,Luxury,0,3,6.9,5581.0,1,0,21,1
TIRA01058,33,Non-binary,Tier 1,₹12L-25L,In-Store,8,3816.0,14.0,Makeup,Premium,0,1,5.7,3549.0,1,0,11,0
TIRA01059,30,Male,Tier 2,₹3L-6L,Influencer,5,3436.0,56.5,Skincare,Luxury,1,4,6.6,2465.0,0,0,4,0
TIRA01060,33,Female,Tier 2,₹6L-12L,Influencer,10,3948.0,42.9,Skincare,Premium,1,5,6.9,3101.0,0,0,3,0
TIRA01061,28,Female,Tier 1,₹3L-6L,Influencer,8,1014.0,9.2,Makeup,Premium,0,1,7.6,968.0,1,1,5,1
TIRA01062,41,Female,Tier 1,₹12L-25L,App,4,2604.0,6.8,Fragrance,Premium,0,0,7.8,2515.0,1,1,13,0
TIRA01063,26,Female,Tier 1,₹12L-25L,In-Store,9,5340.0,40.2,Makeup,Premium,1,3,6.2,4267.0,0,0,35,0
TIRA01064,39,Female,Tier 1,₹6L-12L,Paid Ad,9,2816.0,15.9,Fragrance,Premium,0,4,6.3,2591.0,1,0,17,0
TIRA01065,24,Male,Tier 2,₹3L-6L,In-Store,8,3125.0,14.8,Luxury Tools,Masstige,0,2,8.7,2894.0,1,1,32,1
TIRA01066,29,Female,Tier 1,₹25L+,Word of Mouth,6,2640.0,34.7,Skincare,Premium,1,1,6.5,2183.0,0,0,5,0
TIRA01067,21,Female,Tier 2,₹12L-25L,In-Store,11,4957.0,20.3,Luxury Tools,Luxury,0,5,7.5,4454.0,1,1,34,1
TIRA01068,33,Female,Tier 2,₹12L-25L,In-Store,5,2906.0,17.4,Haircare,Premium,0,7,6.8,2654.0,1,0,32,0
TIRA01069,41,Female,Tier 3,₹12L-25L,In-Store,7,1698.0,30.5,Makeup,Luxury,1,2,7.2,1439.0,0,1,4,0
TIRA01070,29,Female,Tier 1,₹12L-25L,In-Store,10,6295.0,26.2,Makeup,Premium,0,1,8.1,5469.0,0,1,1,0
TIRA01071,28,Female,Tier 3,₹25L+,Paid Ad,5,1550.0,24.5,Makeup,Luxury,0,1,7.2,1360.0,1,1,23,1
TIRA01072,21,Female,Tier 2,₹6L-12L,App,11,3083.0,26.3,Skincare,Luxury,0,7,7.3,2677.0,0,1,8,1
TIRA01073,28,Female,Tier 2,₹12L-25L,Influencer,7,2190.0,45.5,Skincare,Premium,1,3,7.1,1691.0,0,1,23,0
TIRA01074,18,Female,Tier 1,₹6L-12L,Influencer,7,2358.0,64.1,Skincare,Premium,1,3,6.1,1602.0,0,0,24,0
TIRA01075,22,Female,Tier 1,₹12L-25L,Paid Ad,12,1928.0,35.8,Skincare,Luxury,1,1,7.6,1583.0,0,1,3,1
TIRA01076,31,Female,Tier 2,₹6L-12L,Influencer,4,2552.0,33.0,Skincare,Luxury,1,4,7.0,2131.0,0,1,29,1
TIRA01077,40,Female,Tier 1,₹3L-6L,Word of Mouth,4,4381.0,40.2,Skincare,Premium,1,3,6.7,3501.0,0,0,31,0
TIRA01078,52,Female,Tier 1,₹25L+,Paid Ad,9,918.0,41.9,Wellness,Luxury,1,5,6.6,726.0,0,0,17,0
TIRA01079,25,Female,Tier 2,₹25L+,In-Store,7,4713.0,35.6,Skincare,Luxury,1,2,7.4,3873.0,0,1,33,1
TIRA01080,41,Female,Tier 2,₹6L-12L,Paid Ad,8,4506.0,12.1,Wellness,Masstige,0,2,7.1,4234.0,1,1,21,1
TIRA01081,31,Female,Tier 1,₹25L+,Word of Mouth,8,3811.0,49.1,Makeup,Premium,1,1,6.6,2875.0,0,0,26,0
TIRA01082,28,Female,Tier 1,₹6L-12L,App,8,3351.0,13.9,Skincare,Luxury,0,3,9.7,3118.0,1,1,10,1
TIRA01083,33,Female,Tier 1,₹6L-12L,Influencer,14,3532.0,20.3,Skincare,Masstige,0,4,7.5,3174.0,1,1,23,0
TIRA01084,30,Female,Tier 3,₹25L+,App,15,4908.0,64.7,Skincare,Luxury,1,2,4.2,3321.0,0,0,34,0
TIRA01085,30,Male,Tier 3,₹6L-12L,Influencer,11,1105.0,72.2,Makeup,Masstige,1,4,4.8,706.0,0,0,28,0
TIRA01086,26,Female,Tier 1,₹6L-12L,App,10,4073.0,28.3,Skincare,Premium,0,2,7.5,3497.0,0,1,23,1
TIRA01087,18,Male,Tier 1,₹12L-25L,Influencer,5,2305.0,27.2,Fragrance,Premium,0,2,6.2,1992.0,0,0,15,0
TIRA01088,18,Female,Tier 1,₹3L-6L,In-Store,6,4191.0,35.6,Makeup,Premium,1,1,5.6,3445.0,0,0,5,0
TIRA01089,35,Female,Tier 1,₹6L-12L,Influencer,9,2464.0,16.5,Makeup,Masstige,0,3,6.0,2261.0,1,0,12,0
TIRA01090,27,Male,Tier 3,₹6L-12L,App,8,4048.0,19.9,Makeup,Premium,0,2,7.0,3646.0,1,0,26,1
TIRA01091,25,Male,Tier 1,₹12L-25L,Influencer,7,1342.0,32.2,Haircare,Masstige,1,5,8.3,1126.0,0,1,19,0
TIRA01092,30,Male,Tier 1,₹3L-6L,In-Store,8,1169.0,11.1,Wellness,Masstige,0,7,7.0,1104.0,1,1,5,0
TIRA01093,36,Female,Tier 1,₹6L-12L,Influencer,9,3064.0,16.1,Makeup,Luxury,0,4,8.2,2818.0,1,1,9,1
TIRA01094,31,Male,Tier 1,₹12L-25L,In-Store,6,4923.0,16.6,Skincare,Masstige,0,0,7.1,4515.0,1,1,15,1
TIRA01095,24,Female,Tier 2,₹6L-12L,App,11,3844.0,17.0,Wellness,Masstige,0,2,6.9,3517.0,1,0,2,0
TIRA01096,39,Female,Tier 2,₹6L-12L,In-Store,7,3835.0,48.4,Wellness,Masstige,1,2,6.6,2906.0,0,0,18,0
TIRA01097,42,Female,Tier 2,₹12L-25L,Word of Mouth,4,4232.0,30.7,Fragrance,Premium,1,1,5.2,3583.0,0,0,32,0
TIRA01098,33,Non-binary,Tier 1,₹12L-25L,App,10,2724.0,11.5,Fragrance,Masstige,0,5,9.2,2567.0,1,1,26,0
TIRA01099,37,Female,Tier 3,₹3L-6L,Influencer,10,3933.0,40.5,Makeup,Premium,1,8,6.9,3137.0,0,0,33,0
TIRA01100,39,Male,Tier 1,₹25L+,App,10,2504.0,16.9,Makeup,Premium,0,8,8.4,2293.0,1,1,35,1
TIRA01101,39,Female,Tier 2,₹12L-25L,Influencer,9,2823.0,4.9,Makeup,Masstige,0,2,7.5,2754.0,1,1,2,0
TIRA01102,34,Male,Tier 3,₹6L-12L,App,5,2972.0,47.1,Makeup,Masstige,1,3,6.6,2272.0,0,0,14,0
TIRA01103,34,Female,Tier 1,₹12L-25L,In-Store,7,2545.0,42.1,Fragrance,Premium,1,1,7.2,2009.0,0,1,8,0
TIRA01104,34,Male,Tier 3,₹12L-25L,In-Store,8,3121.0,57.4,Makeup,Luxury,1,1,5.6,2224.0,0,0,24,0
TIRA01105,21,Female,Tier 1,₹12L-25L,App,7,2895.0,50.9,Makeup,Masstige,1,7,5.1,2158.0,0,0,2,0
TIRA01106,35,Female,Tier 2,₹12L-25L,In-Store,9,2351.0,26.4,Haircare,Premium,0,6,6.0,2041.0,0,0,24,0
TIRA01107,19,Female,Tier 1,₹12L-25L,In-Store,8,3031.0,8.2,Skincare,Luxury,0,4,7.2,2907.0,1,1,14,1
TIRA01108,23,Female,Tier 1,₹25L+,In-Store,6,3386.0,21.2,Makeup,Masstige,0,0,7.4,3028.0,1,1,7,0
TIRA01109,40,Female,Tier 1,₹12L-25L,Word of Mouth,8,1880.0,19.4,Haircare,Premium,0,3,7.1,1698.0,1,1,8,1
TIRA01110,36,Female,Tier 1,₹12L-25L,In-Store,9,3701.0,17.7,Skincare,Luxury,0,2,6.8,3373.0,1,0,23,1
TIRA01111,41,Female,Tier 1,₹12L-25L,Word of Mouth,5,2608.0,13.2,Skincare,Luxury,0,4,8.2,2436.0,1,1,17,1
TIRA01112,27,Female,Tier 1,₹25L+,In-Store,5,3438.0,24.2,Skincare,Masstige,0,2,6.6,3022.0,1,0,31,0
TIRA01113,20,Female,Tier 2,₹25L+,App,8,2402.0,37.0,Skincare,Premium,1,2,5.9,1957.0,0,0,35,0
TIRA01114,28,Male,Tier 1,₹6L-12L,App,7,4461.0,45.8,Makeup,Premium,1,5,7.1,3438.0,0,1,20,0
TIRA01115,30,Female,Tier 1,₹6L-12L,In-Store,10,4347.0,20.6,Haircare,Premium,0,5,7.7,3900.0,1,1,25,1
TIRA01116,30,Non-binary,Tier 3,₹12L-25L,In-Store,7,1941.0,14.7,Makeup,Premium,0,2,6.2,1798.0,1,0,17,0
TIRA01117,39,Non-binary,Tier 3,₹6L-12L,Paid Ad,4,3830.0,80.0,Makeup,Premium,1,4,3.5,2298.0,0,0,14,0
TIRA01118,27,Female,Tier 1,₹12L-25L,Influencer,7,4936.0,8.3,Skincare,Luxury,0,3,6.6,4731.0,1,0,23,1
TIRA01119,32,Female,Tier 1,₹12L-25L,Influencer,11,2062.0,24.6,Fragrance,Premium,0,2,7.0,1809.0,1,0,1,0
TIRA01120,22,Female,Tier 2,₹25L+,In-Store,7,2157.0,22.6,Makeup,Premium,0,2,8.3,1914.0,1,1,29,0
TIRA01121,33,Female,Tier 2,₹6L-12L,In-Store,14,4082.0,10.8,Haircare,Premium,0,7,9.0,3862.0,1,1,24,1
TIRA01122,30,Female,Tier 1,₹12L-25L,Influencer,11,1631.0,64.1,Skincare,Masstige,1,3,6.2,1108.0,0,0,8,0
TIRA01123,24,Female,Tier 2,₹6L-12L,App,10,2267.0,9.5,Fragrance,Premium,0,1,9.5,2159.0,1,1,1,1
TIRA01124,28,Female,Tier 1,₹12L-25L,App,12,1982.0,28.3,Makeup,Masstige,0,6,7.1,1702.0,0,1,6,0
TIRA01125,28,Female,Tier 1,₹3L-6L,In-Store,13,4097.0,25.3,Wellness,Premium,0,3,8.1,3579.0,0,1,25,1
TIRA01126,27,Non-binary,Tier 2,₹12L-25L,App,10,2369.0,25.8,Makeup,Premium,0,3,6.4,2063.0,0,0,23,0
TIRA01127,44,Female,Tier 2,₹12L-25L,Influencer,7,2858.0,37.7,Fragrance,Luxury,1,2,4.9,2320.0,0,0,24,0
TIRA01128,29,Female,Tier 2,₹12L-25L,App,3,2302.0,43.6,Makeup,Luxury,1,3,5.9,1800.0,0,0,2,0
TIRA01129,28,Non-binary,Tier 1,₹12L-25L,App,8,4578.0,22.4,Skincare,Premium,0,2,7.0,4065.0,1,0,1,0
TIRA01130,18,Female,Tier 1,₹6L-12L,Word of Mouth,5,2169.0,5.2,Haircare,Premium,0,1,10.0,2113.0,1,1,29,1
TIRA01131,22,Female,Tier 1,₹3L-6L,Word of Mouth,5,1511.0,65.1,Skincare,Premium,1,4,5.4,1019.0,0,0,16,0
TIRA01132,27,Male,Tier 1,₹3L-6L,In-Store,6,1464.0,71.9,Fragrance,Premium,1,1,4.1,938.0,0,0,11,0
TIRA01133,24,Female,Tier 1,₹25L+,In-Store,8,4032.0,25.5,Skincare,Masstige,0,3,7.9,3519.0,0,1,3,0
TIRA01134,41,Female,Tier 1,₹25L+,Paid Ad,11,4119.0,34.6,Haircare,Masstige,1,0,5.9,3405.0,0,0,4,0
TIRA01135,28,Female,Tier 1,₹6L-12L,App,5,4698.0,24.7,Makeup,Luxury,0,3,7.2,4118.0,1,1,26,1
TIRA01136,40,Male,Tier 2,₹6L-12L,In-Store,13,1687.0,30.7,Makeup,Luxury,1,6,7.7,1428.0,0,1,27,0
TIRA01137,30,Female,Tier 1,₹6L-12L,App,7,2923.0,26.0,Haircare,Premium,0,1,6.0,2543.0,0,0,10,0
TIRA01138,30,Female,Tier 1,₹12L-25L,In-Store,8,6113.0,58.7,Haircare,Masstige,1,0,7.2,4319.0,0,1,8,0
TIRA01139,29,Female,Tier 2,₹6L-12L,Word of Mouth,9,2837.0,29.1,Haircare,Masstige,0,11,8.0,2425.0,0,1,11,0
TIRA01140,30,Female,Tier 1,₹3L-6L,Paid Ad,4,2524.0,53.1,Haircare,Masstige,1,3,6.2,1854.0,0,0,15,0
TIRA01141,43,Female,Tier 3,₹6L-12L,Word of Mouth,5,3175.0,59.4,Makeup,Luxury,1,0,7.4,2232.0,0,1,30,1
TIRA01142,18,Male,Tier 1,₹6L-12L,Influencer,6,3836.0,15.9,Fragrance,Premium,0,2,7.0,3531.0,1,0,15,0
TIRA01143,18,Male,Tier 1,₹6L-12L,Influencer,10,3816.0,5.0,Skincare,Luxury,0,2,8.6,3720.0,1,1,28,1
TIRA01144,25,Female,Tier 3,₹6L-12L,Paid Ad,9,2463.0,19.7,Skincare,Premium,0,2,7.5,2220.0,1,1,29,1
TIRA01145,30,Female,Tier 2,₹12L-25L,Influencer,7,2498.0,9.0,Haircare,Premium,0,3,7.0,2385.0,1,1,21,1
TIRA01146,35,Female,Tier 2,₹12L-25L,In-Store,8,2844.0,57.9,Makeup,Premium,1,4,5.1,2021.0,0,0,10,0
TIRA01147,33,Female,Tier 2,₹6L-12L,App,4,2324.0,18.0,Luxury Tools,Masstige,0,2,9.3,2115.0,1,1,35,0
TIRA01148,26,Female,Tier 1,₹12L-25L,In-Store,14,1718.0,37.2,Wellness,Premium,1,3,7.6,1399.0,0,1,23,0
TIRA01149,38,Female,Tier 2,₹6L-12L,App,9,5370.0,18.3,Fragrance,Luxury,0,4,8.2,4880.0,1,1,25,1
TIRA01150,38,Female,Tier 3,₹12L-25L,In-Store,9,2712.0,32.8,Makeup,Masstige,1,3,6.1,2267.0,0,0,35,0
TIRA01151,31,Female,Tier 3,₹25L+,App,11,2780.0,73.0,Haircare,Masstige,1,2,5.8,1766.0,0,0,22,0
TIRA01152,37,Female,Tier 1,₹3L-6L,Influencer,7,2817.0,80.0,Skincare,Premium,1,2,4.4,1690.0,0,0,21,0
TIRA01153,32,Female,Tier 1,₹25L+,App,12,3103.0,8.9,Skincare,Luxury,0,5,9.3,2965.0,1,1,30,1
TIRA01154,25,Female,Tier 2,₹12L-25L,App,11,3722.0,36.9,Fragrance,Luxury,1,4,7.7,3035.0,0,1,5,1
TIRA01155,35,Male,Tier 1,₹12L-25L,In-Store,7,2642.0,5.9,Fragrance,Masstige,0,1,8.7,2564.0,1,1,34,0
TIRA01156,30,Male,Tier 1,₹6L-12L,App,8,4567.0,26.4,Skincare,Luxury,0,2,7.8,3963.0,0,1,10,1
TIRA01157,30,Male,Tier 1,₹6L-12L,Word of Mouth,10,3917.0,34.5,Fragrance,Luxury,1,2,6.5,3242.0,0,0,34,0
TIRA01158,41,Male,Tier 1,₹3L-6L,In-Store,4,2971.0,14.2,Fragrance,Luxury,0,5,7.9,2760.0,1,1,19,1
TIRA01159,18,Female,Tier 1,₹25L+,In-Store,10,2401.0,29.2,Skincare,Masstige,0,4,8.4,2051.0,0,1,31,0
TIRA01160,18,Male,Tier 1,₹12L-25L,App,5,4502.0,12.0,Skincare,Luxury,0,4,8.0,4233.0,1,1,12,1
TIRA01161,20,Female,Tier 1,₹6L-12L,Paid Ad,9,3006.0,11.8,Fragrance,Luxury,0,0,6.7,2828.0,1,0,27,1
TIRA01162,27,Female,Tier 1,₹12L-25L,Influencer,10,1709.0,53.3,Skincare,Premium,1,2,7.1,1253.0,0,1,19,0
TIRA01163,27,Female,Tier 3,₹3L-6L,In-Store,9,4425.0,80.0,Skincare,Masstige,1,3,4.1,2655.0,0,0,23,0
TIRA01164,18,Female,Tier 1,₹6L-12L,App,6,2328.0,62.1,Makeup,Masstige,1,6,5.5,1605.0,0,0,20,0
TIRA01165,22,Female,Tier 1,₹12L-25L,Influencer,5,4242.0,32.8,Fragrance,Premium,1,0,6.2,3546.0,0,0,35,0
TIRA01166,23,Female,Tier 1,₹12L-25L,Word of Mouth,8,500.0,26.2,Fragrance,Luxury,0,3,4.3,435.0,0,0,26,0
TIRA01167,49,Female,Tier 1,₹12L-25L,In-Store,4,2758.0,16.7,Haircare,Luxury,0,4,7.5,2527.0,1,1,9,1
TIRA01168,44,Male,Tier 3,₹12L-25L,App,9,4592.0,11.3,Fragrance,Luxury,0,2,9.7,4332.0,1,1,22,1
TIRA01169,26,Female,Tier 3,₹12L-25L,App,11,3206.0,80.0,Haircare,Premium,1,3,5.1,1924.0,0,0,13,0
TIRA01170,27,Female,Tier 1,₹12L-25L,App,6,3918.0,15.5,Haircare,Luxury,0,2,10.0,3614.0,1,1,25,1
TIRA01171,20,Male,Tier 1,₹3L-6L,Influencer,6,2118.0,50.2,Skincare,Luxury,1,4,5.8,1586.0,0,0,17,0
TIRA01172,18,Female,Tier 1,₹12L-25L,Word of Mouth,10,3617.0,29.1,Makeup,Masstige,0,3,7.1,3091.0,0,1,8,0
TIRA01173,29,Female,Tier 1,₹12L-25L,Word of Mouth,8,3205.0,47.7,Makeup,Masstige,1,3,6.0,2440.0,0,0,8,0
TIRA01174,22,Female,Tier 1,₹6L-12L,Paid Ad,12,3492.0,37.2,Skincare,Luxury,1,4,6.6,2843.0,0,0,15,0
TIRA01175,29,Female,Tier 1,₹6L-12L,App,8,5647.0,17.1,Makeup,Premium,0,3,7.7,5165.0,1,1,17,1
TIRA01176,18,Female,Tier 1,₹6L-12L,Word of Mouth,10,4766.0,12.5,Skincare,Masstige,0,3,9.0,4467.0,1,1,29,1
TIRA01177,23,Male,Tier 2,₹6L-12L,In-Store,15,4150.0,5.9,Skincare,Luxury,0,3,6.9,4028.0,1,0,23,1
TIRA01178,31,Male,Tier 1,₹12L-25L,In-Store,11,4166.0,7.4,Makeup,Premium,0,3,7.7,4012.0,1,1,27,1
TIRA01179,32,Female,Tier 1,₹3L-6L,Influencer,5,2109.0,12.6,Skincare,Premium,0,3,8.1,1976.0,1,1,6,1
TIRA01180,33,Female,Tier 1,₹12L-25L,App,13,2635.0,12.6,Skincare,Luxury,0,3,8.8,2469.0,1,1,7,1
TIRA01181,19,Male,Tier 1,₹3L-6L,Paid Ad,6,1361.0,58.6,Fragrance,Masstige,1,9,3.5,962.0,0,0,2,0
TIRA01182,36,Female,Tier 1,₹3L-6L,Word of Mouth,8,1676.0,31.6,Fragrance,Masstige,1,4,5.3,1411.0,0,0,3,0
TIRA01183,23,Female,Tier 1,₹6L-12L,Paid Ad,6,2136.0,49.6,Haircare,Premium,1,4,6.1,1606.0,0,0,6,0
TIRA01184,35,Female,Tier 1,₹6L-12L,Paid Ad,7,3165.0,31.4,Skincare,Premium,1,2,7.9,2668.0,0,1,23,1
TIRA01185,29,Female,Tier 1,₹25L+,In-Store,15,1730.0,20.6,Haircare,Premium,0,3,6.7,1552.0,1,0,16,0
TIRA01186,18,Female,Tier 2,₹6L-12L,App,10,3153.0,26.7,Haircare,Premium,0,3,7.6,2732.0,0,1,16,1
TIRA01187,27,Female,Tier 3,₹6L-12L,Paid Ad,10,3015.0,26.0,Skincare,Premium,0,1,8.9,2624.0,0,1,26,1
TIRA01188,32,Female,Tier 1,₹6L-12L,Influencer,12,1839.0,34.7,Skincare,Luxury,1,2,6.6,1520.0,0,0,15,0
TIRA01189,34,Female,Tier 1,₹6L-12L,Word of Mouth,10,5031.0,15.6,Makeup,Premium,0,5,7.1,4639.0,1,1,1,1
TIRA01190,28,Female,Tier 2,₹12L-25L,App,9,1611.0,17.3,Makeup,Masstige,0,3,7.8,1471.0,1,1,1,0
TIRA01191,42,Female,Tier 2,₹12L-25L,In-Store,11,4541.0,20.6,Skincare,Masstige,0,4,7.4,4072.0,1,1,7,0
TIRA01192,38,Non-binary,Tier 1,₹6L-12L,In-Store,4,500.0,6.4,Skincare,Premium,0,7,8.0,484.0,1,1,14,1
TIRA01193,27,Female,Tier 1,₹12L-25L,Influencer,5,3029.0,55.6,Makeup,Masstige,1,4,5.6,2187.0,0,0,31,0
TIRA01194,36,Female,Tier 1,₹6L-12L,Paid Ad,4,1763.0,30.9,Makeup,Masstige,1,2,6.5,1491.0,0,0,7,0
TIRA01195,45,Female,Tier 2,₹12L-25L,Word of Mouth,9,2415.0,49.5,Makeup,Luxury,1,4,5.0,1817.0,0,0,26,0
TIRA01196,45,Male,Tier 1,₹12L-25L,App,6,5372.0,33.9,Wellness,Luxury,1,5,7.3,4463.0,0,1,2,1
TIRA01197,20,Female,Tier 1,₹6L-12L,In-Store,8,2784.0,31.0,Skincare,Masstige,1,0,5.7,2352.0,0,0,4,0
TIRA01198,22,Male,Tier 1,₹12L-25L,App,5,1875.0,33.7,Fragrance,Luxury,1,2,5.8,1559.0,0,0,14,0
TIRA01199,41,Female,Tier 1,₹12L-25L,App,7,3785.0,10.8,Makeup,Premium,0,2,6.4,3580.0,1,0,23,0
TIRA01200,21,Female,Tier 1,₹6L-12L,In-Store,7,2773.0,26.6,Haircare,Premium,0,4,6.6,2404.0,0,0,29,0
TIRA01201,19,Female,Tier 2,₹25L+,Influencer,4,3381.0,12.2,Haircare,Luxury,0,0,7.5,3175.0,1,1,26,1
TIRA01202,26,Female,Tier 1,₹25L+,In-Store,12,2103.0,52.7,Makeup,Premium,1,4,4.8,1549.0,0,0,32,0
TIRA01203,33,Male,Tier 1,₹6L-12L,In-Store,12,2162.0,17.7,Haircare,Premium,0,0,7.0,1971.0,1,1,16,1
TIRA01204,29,Male,Tier 1,₹12L-25L,Influencer,8,2255.0,14.5,Haircare,Premium,0,4,7.6,2092.0,1,1,9,1
TIRA01205,24,Female,Tier 2,₹12L-25L,Paid Ad,9,4158.0,20.7,Haircare,Luxury,0,2,5.6,3727.0,1,0,15,0
TIRA01206,24,Non-binary,Tier 1,₹12L-25L,App,8,2928.0,9.2,Skincare,Masstige,0,2,6.9,2794.0,1,0,10,0
TIRA01207,24,Female,Tier 1,₹12L-25L,In-Store,11,1942.0,9.2,Makeup,Premium,0,1,9.4,1852.0,1,1,13,1
TIRA01208,22,Female,Tier 1,₹25L+,Influencer,10,3394.0,50.8,Fragrance,Masstige,1,4,5.3,2533.0,0,0,4,0
TIRA01209,48,Female,Tier 2,₹12L-25L,Paid Ad,14,3295.0,20.8,Makeup,Premium,0,3,7.9,2952.0,1,1,27,0
TIRA01210,32,Female,Tier 2,₹12L-25L,Paid Ad,11,3888.0,10.7,Skincare,Premium,0,7,7.1,3679.0,1,1,32,1
TIRA01211,37,Male,Tier 3,₹3L-6L,App,10,2622.0,40.9,Wellness,Luxury,1,3,6.6,2085.0,0,0,4,0
TIRA01212,26,Female,Tier 2,₹6L-12L,In-Store,9,3107.0,54.1,Wellness,Masstige,1,1,5.0,2266.0,0,0,3,0
TIRA01213,28,Female,Tier 1,₹25L+,Word of Mouth,6,3706.0,11.5,Makeup,Premium,0,5,5.6,3494.0,1,0,29,1
TIRA01214,24,Female,Tier 1,₹12L-25L,In-Store,10,1989.0,50.6,Makeup,Masstige,1,3,5.5,1485.0,0,0,33,0
TIRA01215,18,Female,Tier 1,₹3L-6L,In-Store,7,4263.0,18.8,Skincare,Premium,0,5,7.7,3863.0,1,1,1,1
TIRA01216,18,Female,Tier 2,₹25L+,Word of Mouth,7,3220.0,17.4,Makeup,Masstige,0,3,8.0,2940.0,1,1,23,1
TIRA01217,18,Female,Tier 2,₹12L-25L,App,12,1879.0,33.0,Wellness,Premium,1,3,6.8,1569.0,0,0,15,0
TIRA01218,18,Female,Tier 1,₹12L-25L,Influencer,8,1870.0,55.1,Skincare,Premium,1,2,5.0,1355.0,0,0,28,0
TIRA01219,20,Female,Tier 3,₹3L-6L,Paid Ad,5,3081.0,23.7,Skincare,Luxury,0,3,8.0,2715.0,1,1,19,1
TIRA01220,40,Female,Tier 1,₹12L-25L,App,9,2540.0,20.6,Fragrance,Premium,0,0,6.5,2278.0,1,0,8,0
TIRA01221,29,Female,Tier 1,₹3L-6L,Influencer,8,4106.0,29.1,Makeup,Masstige,0,6,6.2,3507.0,0,0,11,0
TIRA01222,40,Female,Tier 1,₹6L-12L,In-Store,10,2856.0,23.0,Wellness,Luxury,0,3,6.1,2528.0,1,0,22,0
TIRA01223,33,Male,Tier 3,₹12L-25L,Paid Ad,8,3564.0,80.0,Skincare,Masstige,1,4,4.4,2138.0,0,0,10,0
TIRA01224,36,Non-binary,Tier 3,₹25L+,Word of Mouth,10,2182.0,39.7,Skincare,Luxury,1,3,6.1,1749.0,0,0,4,0
TIRA01225,22,Female,Tier 1,₹6L-12L,Paid Ad,5,3172.0,8.1,Wellness,Premium,0,3,8.0,3045.0,1,1,19,1
TIRA01226,34,Non-binary,Tier 3,₹25L+,App,9,4779.0,43.5,Skincare,Masstige,1,3,4.9,3739.0,0,0,24,0
TIRA01227,35,Female,Tier 3,₹25L+,Paid Ad,4,3022.0,64.2,Haircare,Luxury,1,3,5.0,2052.0,0,0,28,0
TIRA01228,25,Female,Tier 2,₹3L-6L,Word of Mouth,11,2536.0,41.2,Skincare,Premium,1,4,5.6,2014.0,0,0,22,0
TIRA01229,34,Female,Tier 3,₹6L-12L,Influencer,7,2163.0,45.6,Haircare,Luxury,1,4,6.6,1671.0,0,0,15,0
TIRA01230,34,Female,Tier 1,₹12L-25L,Influencer,9,3177.0,22.3,Skincare,Premium,0,4,7.4,2824.0,1,1,29,0
TIRA01231,25,Male,Tier 2,₹12L-25L,App,7,4891.0,40.0,Fragrance,Premium,1,3,5.4,3914.0,0,0,17,0
TIRA01232,21,Female,Tier 2,₹6L-12L,Paid Ad,5,1564.0,23.9,Wellness,Premium,0,5,7.5,1377.0,1,1,23,0
TIRA01233,20,Female,Tier 2,₹12L-25L,App,4,3140.0,13.0,Skincare,Premium,0,1,7.4,2936.0,1,1,32,1
TIRA01234,30,Female,Tier 1,₹12L-25L,In-Store,9,1143.0,31.3,Makeup,Luxury,1,2,7.5,965.0,0,1,35,0
TIRA01235,32,Female,Tier 2,₹12L-25L,Word of Mouth,10,2707.0,3.1,Haircare,Masstige,0,1,7.2,2665.0,1,1,16,0
TIRA01236,23,Female,Tier 3,₹12L-25L,Word of Mouth,6,3515.0,63.8,Wellness,Premium,1,3,6.0,2394.0,0,0,18,0
TIRA01237,30,Female,Tier 1,₹3L-6L,Word of Mouth,6,1304.0,29.2,Makeup,Masstige,0,0,7.7,1113.0,0,1,31,0
TIRA01238,34,Female,Tier 3,₹6L-12L,In-Store,10,2666.0,31.4,Wellness,Premium,1,3,6.8,2247.0,0,0,20,0
TIRA01239,34,Female,Tier 1,₹3L-6L,App,9,3549.0,53.5,Fragrance,Masstige,1,0,8.0,2599.0,0,1,27,0
TIRA01240,42,Female,Tier 1,₹25L+,In-Store,5,3357.0,30.7,Haircare,Premium,1,6,7.3,2842.0,0,1,3,0
TIRA01241,40,Female,Tier 1,₹25L+,App,7,3607.0,11.2,Makeup,Premium,0,1,9.3,3405.0,1,1,29,1
TIRA01242,21,Female,Tier 2,₹12L-25L,Paid Ad,12,2030.0,24.4,Makeup,Premium,0,4,9.5,1783.0,1,1,4,0
TIRA01243,43,Female,Tier 2,₹3L-6L,Influencer,14,3548.0,25.5,Haircare,Luxury,0,3,5.3,3096.0,0,0,14,0
TIRA01244,25,Female,Tier 1,₹12L-25L,In-Store,12,2480.0,18.6,Haircare,Masstige,0,4,8.4,2249.0,1,1,7,1
TIRA01245,38,Female,Tier 2,₹6L-12L,App,11,4057.0,13.0,Skincare,Premium,0,2,8.0,3794.0,1,1,33,1
TIRA01246,30,Female,Tier 1,₹6L-12L,In-Store,4,500.0,39.3,Makeup,Premium,1,7,6.7,402.0,0,0,5,0
TIRA01247,26,Male,Tier 1,₹6L-12L,Paid Ad,8,2852.0,61.1,Fragrance,Premium,1,4,4.9,1981.0,0,0,20,0
TIRA01248,18,Female,Tier 3,₹12L-25L,Influencer,10,3319.0,63.7,Makeup,Premium,1,1,4.6,2262.0,0,0,5,0
TIRA01249,28,Female,Tier 2,₹3L-6L,App,10,4819.0,60.1,Makeup,Masstige,1,2,4.5,3371.0,0,0,1,0
TIRA01250,18,Female,Tier 2,₹12L-25L,App,6,3304.0,7.7,Skincare,Premium,0,3,9.9,3178.0,1,1,10,1
TIRA01251,37,Non-binary,Tier 2,₹25L+,In-Store,7,3426.0,3.5,Skincare,Masstige,0,4,8.3,3365.0,1,1,3,1
TIRA01252,42,Male,Tier 3,₹12L-25L,App,13,3651.0,28.9,Skincare,Masstige,0,3,5.5,3123.0,0,0,10,0
TIRA01253,23,Female,Tier 1,₹3L-6L,Word of Mouth,10,4704.0,38.1,Makeup,Luxury,1,3,5.4,3807.0,0,0,6,0
TIRA01254,32,Female,Tier 1,₹25L+,Influencer,8,2742.0,58.8,Haircare,Luxury,1,3,3.6,1936.0,0,0,25,0
TIRA01255,24,Female,Tier 1,₹12L-25L,App,3,1516.0,11.2,Haircare,Premium,0,3,8.7,1431.0,1,1,6,1
TIRA01256,24,Male,Tier 2,₹6L-12L,Paid Ad,8,1287.0,21.5,Skincare,Masstige,0,1,7.2,1148.0,1,1,18,0
TIRA01257,36,Female,Tier 2,₹12L-25L,In-Store,10,3997.0,38.7,Skincare,Premium,1,1,7.0,3224.0,0,0,1,0
TIRA01258,29,Female,Tier 2,₹25L+,App,8,3468.0,10.6,Fragrance,Premium,0,2,7.6,3283.0,1,1,33,1
TIRA01259,43,Non-binary,Tier 1,₹6L-12L,Influencer,7,2892.0,17.4,Skincare,Premium,0,3,8.3,2641.0,1,1,16,1
TIRA01260,26,Female,Tier 1,₹12L-25L,App,10,2497.0,20.5,Wellness,Luxury,0,6,6.8,2241.0,1,0,13,0
TIRA01261,37,Female,Tier 2,₹6L-12L,In-Store,10,3417.0,19.2,Haircare,Premium,0,1,7.5,3088.0,1,1,12,1
TIRA01262,30,Female,Tier 3,₹3L-6L,Paid Ad,12,3452.0,80.0,Luxury Tools,Premium,1,1,5.1,2071.0,0,0,3,0
TIRA01263,36,Female,Tier 1,₹12L-25L,Word of Mouth,18,3776.0,16.3,Haircare,Masstige,0,3,6.2,3467.0,1,0,10,0
TIRA01264,26,Female,Tier 1,₹3L-6L,In-Store,5,1870.0,53.5,Wellness,Premium,1,0,5.1,1370.0,0,0,30,0
TIRA01265,29,Female,Tier 1,₹6L-12L,Influencer,4,1083.0,33.3,Haircare,Premium,1,5,6.4,902.0,0,0,14,0
TIRA01266,29,Male,Tier 1,₹6L-12L,App,8,2104.0,11.9,Skincare,Premium,0,4,7.8,1978.0,1,1,30,1
TIRA01267,23,Male,Tier 1,₹6L-12L,Influencer,6,1579.0,14.9,Fragrance,Premium,0,2,8.8,1461.0,1,1,7,1
TIRA01268,35,Female,Tier 1,₹6L-12L,App,12,1516.0,11.4,Skincare,Masstige,0,0,7.7,1430.0,1,1,13,1
TIRA01269,35,Female,Tier 2,₹12L-25L,Influencer,10,5084.0,5.1,Makeup,Luxury,0,1,7.7,4954.0,1,1,23,1
TIRA01270,34,Female,Tier 1,₹6L-12L,App,7,500.0,29.5,Makeup,Luxury,0,5,7.1,426.0,0,1,3,1
TIRA01271,42,Female,Tier 1,₹6L-12L,Word of Mouth,11,3764.0,27.5,Fragrance,Premium,0,1,6.7,3246.0,0,0,13,0
TIRA01272,41,Male,Tier 1,₹25L+,Paid Ad,8,4288.0,55.1,Haircare,Masstige,1,4,5.8,3108.0,0,0,31,0
TIRA01273,27,Female,Tier 3,₹25L+,In-Store,5,4385.0,10.0,Fragrance,Masstige,0,2,9.1,4165.0,1,1,18,1
TIRA01274,32,Female,Tier 1,₹6L-12L,Paid Ad,9,3533.0,21.6,Skincare,Masstige,0,2,6.9,3151.0,1,0,33,0
TIRA01275,25,Female,Tier 1,₹6L-12L,App,6,4784.0,24.7,Wellness,Premium,0,3,7.3,4193.0,1,1,5,1
TIRA01276,30,Female,Tier 1,₹3L-6L,Influencer,10,5340.0,40.2,Fragrance,Masstige,1,3,5.7,4268.0,0,0,35,0
TIRA01277,25,Female,Tier 2,₹3L-6L,App,8,2837.0,55.8,Makeup,Luxury,1,2,7.0,2046.0,0,1,31,1
TIRA01278,42,Female,Tier 3,₹6L-12L,App,11,3737.0,59.3,Skincare,Premium,1,2,4.7,2629.0,0,0,14,0
TIRA01279,32,Male,Tier 1,₹25L+,Influencer,8,4731.0,44.7,Skincare,Premium,1,3,6.1,3674.0,0,0,20,0
TIRA01280,28,Female,Tier 1,₹12L-25L,In-Store,8,2166.0,13.0,Skincare,Luxury,0,3,8.5,2024.0,1,1,5,1
TIRA01281,39,Male,Tier 1,₹6L-12L,In-Store,11,2906.0,56.2,Makeup,Premium,1,5,4.9,2090.0,0,0,6,0
TIRA01282,18,Female,Tier 2,₹25L+,In-Store,9,2449.0,62.7,Skincare,Premium,1,4,6.4,1681.0,0,0,14,0
TIRA01283,18,Male,Tier 3,₹6L-12L,App,12,3753.0,32.2,Makeup,Luxury,1,2,4.7,3149.0,0,0,12,0
TIRA01284,36,Female,Tier 1,₹6L-12L,App,7,922.0,25.7,Haircare,Premium,0,4,5.9,804.0,0,0,21,0
TIRA01285,30,Female,Tier 1,₹6L-12L,Influencer,7,4924.0,51.3,Makeup,Premium,1,0,5.9,3661.0,0,0,32,0
TIRA01286,32,Male,Tier 2,₹6L-12L,Influencer,4,3841.0,34.0,Fragrance,Premium,1,3,9.1,3188.0,0,1,2,0
TIRA01287,19,Female,Tier 2,₹25L+,App,14,3908.0,33.6,Skincare,Premium,1,3,6.8,3252.0,0,0,30,0
TIRA01288,29,Female,Tier 1,₹6L-12L,In-Store,8,500.0,16.7,Makeup,Luxury,0,1,7.5,458.0,1,1,10,1
TIRA01289,46,Female,Tier 1,₹12L-25L,Influencer,8,1952.0,82.4,Luxury Tools,Premium,1,3,5.9,1148.0,0,0,23,0
TIRA01290,36,Female,Tier 1,₹6L-12L,Influencer,1,4989.0,26.8,Makeup,Masstige,0,0,5.8,4320.0,0,0,33,0
TIRA01291,31,Female,Tier 2,₹25L+,Paid Ad,14,2987.0,46.4,Makeup,Luxury,1,1,3.1,2294.0,0,0,26,0
TIRA01292,26,Female,Tier 2,₹12L-25L,In-Store,10,1131.0,16.1,Luxury Tools,Premium,0,8,9.1,1040.0,1,1,2,1
TIRA01293,26,Male,Tier 2,₹6L-12L,In-Store,7,3466.0,48.3,Makeup,Luxury,1,3,6.7,2630.0,0,0,21,0
TIRA01294,18,Female,Tier 2,₹3L-6L,Influencer,8,4015.0,69.4,Fragrance,Masstige,1,1,4.8,2621.0,0,0,6,0
TIRA01295,32,Female,Tier 1,₹25L+,In-Store,5,3838.0,55.1,Luxury Tools,Premium,1,5,5.9,2781.0,0,0,9,0
TIRA01296,36,Female,Tier 1,₹12L-25L,App,3,3020.0,41.2,Skincare,Luxury,1,0,7.4,2397.0,0,1,21,1
TIRA01297,18,Male,Tier 1,₹6L-12L,App,15,4563.0,26.8,Fragrance,Premium,0,4,6.8,3950.0,0,0,21,0
TIRA01298,24,Female,Tier 3,₹25L+,Paid Ad,6,2358.0,80.0,Haircare,Masstige,1,2,4.9,1415.0,0,0,34,0
TIRA01299,20,Female,Tier 2,₹3L-6L,App,11,3848.0,41.7,Wellness,Premium,1,9,8.4,3047.0,0,1,10,1
TIRA01300,22,Female,Tier 1,₹6L-12L,Influencer,12,3362.0,8.9,Makeup,Masstige,0,3,6.4,3213.0,1,0,33,1
TIRA01301,30,Female,Tier 1,₹12L-25L,Influencer,11,3040.0,53.5,Fragrance,Premium,1,5,6.4,2227.0,0,0,16,0
TIRA01302,18,Male,Tier 2,₹6L-12L,In-Store,9,2745.0,21.7,Skincare,Masstige,0,1,5.9,2447.0,1,0,10,0
TIRA01303,34,Female,Tier 2,₹6L-12L,Paid Ad,8,2788.0,30.1,Makeup,Masstige,1,3,8.4,2369.0,0,1,22,0
TIRA01304,36,Male,Tier 2,₹6L-12L,Influencer,7,3239.0,3.0,Haircare,Masstige,0,2,8.2,3190.0,1,1,22,1
TIRA01305,27,Female,Tier 1,₹3L-6L,App,7,2849.0,43.8,Wellness,Premium,1,5,5.6,2224.0,0,0,32,0
TIRA01306,18,Female,Tier 3,₹3L-6L,Paid Ad,8,4080.0,46.2,Skincare,Premium,1,3,4.7,3137.0,0,0,34,0
TIRA01307,22,Female,Tier 2,₹6L-12L,In-Store,3,2557.0,26.2,Skincare,Masstige,0,3,6.6,2222.0,0,0,24,0
TIRA01308,39,Female,Tier 2,₹25L+,In-Store,11,5082.0,11.9,Wellness,Premium,0,4,7.7,4780.0,1,1,23,1
TIRA01309,18,Female,Tier 2,₹12L-25L,Influencer,7,2503.0,37.9,Makeup,Premium,1,3,7.6,2029.0,0,1,11,0
TIRA01310,27,Female,Tier 3,₹6L-12L,Influencer,6,4304.0,16.9,Skincare,Luxury,0,0,6.2,3941.0,1,0,8,1
TIRA01311,20,Female,Tier 3,₹6L-12L,In-Store,6,4356.0,38.8,Makeup,Luxury,1,3,5.6,3511.0,0,0,21,0
TIRA01312,36,Female,Tier 2,₹12L-25L,Word of Mouth,5,3399.0,26.3,Luxury Tools,Luxury,0,2,6.5,2953.0,0,0,25,0
TIRA01313,24,Female,Tier 1,₹3L-6L,Influencer,7,3292.0,47.4,Wellness,Luxury,1,2,5.3,2512.0,0,0,13,0
TIRA01314,33,Female,Tier 1,₹6L-12L,Influencer,4,2325.0,23.9,Skincare,Premium,0,4,6.5,2048.0,1,0,18,0
TIRA01315,34,Female,Tier 2,₹12L-25L,App,7,2580.0,26.3,Fragrance,Masstige,0,1,6.0,2240.0,0,0,21,0
TIRA01316,44,Female,Tier 2,₹6L-12L,App,8,3464.0,27.9,Makeup,Luxury,0,3,7.3,2981.0,0,1,18,1
TIRA01317,28,Female,Tier 1,₹12L-25L,In-Store,7,3146.0,34.3,Makeup,Luxury,1,4,6.1,2607.0,0,0,2,0
TIRA01318,33,Female,Tier 1,₹25L+,Influencer,4,4620.0,42.1,Haircare,Masstige,1,4,6.3,3647.0,0,0,18,0
TIRA01319,18,Female,Tier 3,₹12L-25L,In-Store,12,2654.0,41.4,Skincare,Masstige,1,2,6.7,2106.0,0,0,8,0
TIRA01320,39,Female,Tier 3,₹6L-12L,Paid Ad,8,2727.0,75.0,Makeup,Premium,1,2,3.6,1704.0,0,0,4,0
TIRA01321,23,Female,Tier 3,₹3L-6L,App,9,1202.0,44.1,Skincare,Masstige,1,3,6.8,937.0,0,0,17,0
TIRA01322,25,Female,Tier 1,₹6L-12L,Influencer,9,3972.0,14.8,Skincare,Luxury,0,3,7.6,3679.0,1,1,28,1
TIRA01323,29,Female,Tier 2,₹12L-25L,Paid Ad,8,3864.0,62.4,Makeup,Masstige,1,1,5.7,2658.0,0,0,28,0
TIRA01324,18,Female,Tier 2,₹25L+,Paid Ad,13,4372.0,40.1,Wellness,Masstige,1,1,6.3,3495.0,0,0,13,0
TIRA01325,31,Female,Tier 1,₹25L+,Paid Ad,12,4440.0,30.9,Makeup,Masstige,1,4,6.5,3754.0,0,0,20,0
TIRA01326,37,Male,Tier 1,₹6L-12L,Paid Ad,7,4147.0,30.0,Haircare,Premium,0,1,6.9,3525.0,0,0,7,0
TIRA01327,32,Female,Tier 3,₹12L-25L,App,8,4197.0,28.0,Skincare,Premium,0,3,7.0,3611.0,0,0,10,0
TIRA01328,18,Male,Tier 1,₹12L-25L,Influencer,9,3932.0,7.3,Fragrance,Premium,0,0,6.5,3789.0,1,0,16,0
TIRA01329,29,Female,Tier 2,₹12L-25L,Word of Mouth,8,4117.0,57.2,Makeup,Masstige,1,3,7.3,2939.0,0,1,14,0
TIRA01330,35,Female,Tier 2,₹12L-25L,Influencer,11,990.0,57.8,Wellness,Luxury,1,2,5.0,703.0,0,0,23,0
TIRA01331,18,Female,Tier 2,₹3L-6L,App,8,1880.0,13.5,Skincare,Premium,0,4,7.5,1754.0,1,1,27,1
TIRA01332,21,Female,Tier 1,₹3L-6L,Word of Mouth,5,1684.0,67.9,Makeup,Masstige,1,6,6.5,1113.0,0,0,20,0
TIRA01333,37,Male,Tier 2,₹25L+,App,10,4724.0,39.5,Skincare,Masstige,1,3,6.1,3792.0,0,0,2,0
TIRA01334,32,Female,Tier 1,₹6L-12L,In-Store,3,2260.0,11.8,Skincare,Premium,0,5,7.8,2128.0,1,1,29,1
TIRA01335,33,Non-binary,Tier 2,₹6L-12L,App,8,2453.0,25.3,Makeup,Premium,0,1,4.8,2142.0,0,0,16,0
TIRA01336,44,Female,Tier 1,₹6L-12L,In-Store,5,3208.0,21.0,Fragrance,Premium,0,4,5.2,2871.0,1,0,30,0
TIRA01337,33,Male,Tier 2,₹6L-12L,In-Store,1,1708.0,25.8,Skincare,Masstige,0,3,6.9,1487.0,0,0,10,0
TIRA01338,35,Male,Tier 2,₹25L+,In-Store,9,3657.0,19.5,Haircare,Luxury,0,3,7.4,3299.0,1,1,22,1
TIRA01339,51,Female,Tier 1,₹3L-6L,Word of Mouth,7,644.0,18.4,Haircare,Premium,0,2,8.4,584.0,1,1,9,1
TIRA01340,28,Female,Tier 1,₹3L-6L,In-Store,8,1787.0,33.5,Makeup,Masstige,1,3,7.5,1488.0,0,1,20,0
TIRA01341,23,Female,Tier 2,₹12L-25L,In-Store,3,3439.0,35.5,Haircare,Premium,1,1,5.0,2828.0,0,0,30,0
TIRA01342,33,Female,Tier 1,₹12L-25L,Paid Ad,8,1710.0,19.8,Makeup,Premium,0,5,8.5,1540.0,1,1,20,1
TIRA01343,33,Male,Tier 1,₹3L-6L,Paid Ad,7,4759.0,80.0,Luxury Tools,Luxury,1,5,3.6,2855.0,0,0,35,0
TIRA01344,25,Female,Tier 1,₹3L-6L,App,9,3256.0,41.7,Haircare,Premium,1,4,7.2,2576.0,0,1,14,0
TIRA01345,21,Female,Tier 3,₹6L-12L,App,6,4558.0,77.8,Fragrance,Masstige,1,2,4.4,2786.0,0,0,5,0
TIRA01346,48,Female,Tier 2,₹6L-12L,Influencer,11,3629.0,11.7,Makeup,Luxury,0,1,10.0,3417.0,1,1,17,1
TIRA01347,32,Female,Tier 1,₹3L-6L,Paid Ad,6,3186.0,17.5,Fragrance,Premium,0,5,6.7,2906.0,1,0,30,0
TIRA01348,24,Non-binary,Tier 3,₹6L-12L,Influencer,9,2004.0,32.3,Wellness,Premium,1,0,6.6,1680.0,0,0,19,0
TIRA01349,37,Female,Tier 1,₹12L-25L,App,9,4315.0,48.2,Skincare,Masstige,1,0,6.2,3274.0,0,0,22,0
TIRA01350,29,Male,Tier 1,₹25L+,Influencer,7,3730.0,31.7,Makeup,Premium,1,3,6.5,3138.0,0,0,29,0
TIRA01351,27,Male,Tier 1,₹25L+,Influencer,16,5702.0,52.2,Fragrance,Luxury,1,1,4.9,4212.0,0,0,10,0
TIRA01352,34,Female,Tier 1,₹6L-12L,Influencer,13,4194.0,3.9,Makeup,Luxury,0,3,10.0,4112.0,1,1,27,1
TIRA01353,19,Female,Tier 1,₹6L-12L,Paid Ad,6,2723.0,30.3,Makeup,Luxury,1,2,6.2,2310.0,0,0,34,0
TIRA01354,32,Female,Tier 2,₹25L+,Paid Ad,14,3547.0,85.1,Haircare,Luxury,1,2,4.0,2039.0,0,0,7,0
TIRA01355,45,Female,Tier 1,₹12L-25L,Influencer,8,3707.0,9.1,Fragrance,Premium,0,7,7.5,3537.0,1,1,7,1
TIRA01356,33,Female,Tier 2,₹12L-25L,Influencer,6,4596.0,26.9,Skincare,Premium,0,5,7.1,3978.0,0,1,35,0
TIRA01357,26,Male,Tier 1,₹6L-12L,Influencer,9,4786.0,22.6,Makeup,Masstige,0,1,6.4,4246.0,1,0,35,0
TIRA01358,25,Female,Tier 1,₹6L-12L,In-Store,9,3006.0,23.4,Makeup,Luxury,0,0,8.0,2655.0,1,1,34,1
TIRA01359,26,Male,Tier 1,₹12L-25L,In-Store,13,1741.0,5.6,Skincare,Premium,0,1,7.9,1693.0,1,1,31,1
TIRA01360,27,Male,Tier 2,₹12L-25L,Influencer,8,975.0,60.6,Skincare,Premium,1,0,5.6,680.0,0,0,10,0
TIRA01361,26,Male,Tier 2,₹3L-6L,Influencer,11,1833.0,23.7,Haircare,Premium,0,4,7.6,1616.0,1,1,20,0
TIRA01362,37,Female,Tier 1,₹25L+,In-Store,7,2490.0,9.3,Fragrance,Masstige,0,5,6.8,2374.0,1,0,35,0
TIRA01363,18,Female,Tier 1,₹12L-25L,App,7,5005.0,13.2,Wellness,Luxury,0,3,6.9,4676.0,1,0,25,1
TIRA01364,36,Female,Tier 1,₹12L-25L,Influencer,5,5023.0,11.3,Wellness,Luxury,0,2,7.5,4740.0,1,1,19,1
TIRA01365,26,Female,Tier 2,₹6L-12L,Influencer,5,4352.0,10.1,Wellness,Premium,0,2,8.5,4132.0,1,1,22,1
TIRA01366,33,Female,Tier 1,₹12L-25L,In-Store,9,4676.0,25.2,Skincare,Masstige,0,1,6.7,4088.0,0,0,8,0
TIRA01367,20,Female,Tier 2,₹12L-25L,In-Store,6,2351.0,45.6,Makeup,Luxury,1,3,5.9,1815.0,0,0,13,0
TIRA01368,40,Female,Tier 1,₹3L-6L,App,10,1382.0,55.3,Skincare,Premium,1,3,3.7,1000.0,0,0,26,0
TIRA01369,39,Female,Tier 1,₹12L-25L,Word of Mouth,8,1992.0,17.7,Haircare,Premium,0,2,6.6,1816.0,1,0,34,0
TIRA01370,37,Female,Tier 2,₹12L-25L,Paid Ad,8,758.0,26.9,Wellness,Luxury,0,3,5.3,656.0,0,0,2,0
TIRA01371,18,Female,Tier 1,₹12L-25L,Influencer,13,1863.0,20.6,Skincare,Premium,0,1,5.8,1672.0,1,0,15,0
TIRA01372,36,Female,Tier 1,₹6L-12L,In-Store,9,2593.0,20.5,Makeup,Premium,0,2,7.5,2327.0,1,1,25,0
TIRA01373,33,Male,Tier 3,₹25L+,Influencer,7,3400.0,11.2,Makeup,Premium,0,4,10.0,3209.0,1,1,17,1
TIRA01374,18,Female,Tier 1,₹6L-12L,In-Store,10,3363.0,15.6,Skincare,Premium,0,2,7.6,3101.0,1,1,30,1
TIRA01375,29,Male,Tier 1,₹3L-6L,Word of Mouth,10,2372.0,33.7,Fragrance,Masstige,1,3,7.0,1972.0,0,0,23,0
TIRA01376,32,Male,Tier 1,₹3L-6L,App,7,3883.0,34.6,Makeup,Masstige,1,1,5.9,3211.0,0,0,13,0
TIRA01377,34,Female,Tier 1,₹6L-12L,App,9,2395.0,51.2,Makeup,Premium,1,3,4.9,1782.0,0,0,27,0
TIRA01378,31,Female,Tier 2,₹6L-12L,Influencer,3,3212.0,45.8,Wellness,Masstige,1,2,8.2,2477.0,0,1,12,0
TIRA01379,32,Female,Tier 1,₹6L-12L,App,9,1868.0,43.0,Skincare,Luxury,1,3,5.5,1466.0,0,0,15,0
TIRA01380,41,Female,Tier 3,₹12L-25L,Influencer,5,4506.0,54.5,Makeup,Premium,1,3,3.8,3278.0,0,0,10,0
TIRA01381,39,Female,Tier 2,₹6L-12L,Paid Ad,12,3225.0,29.6,Haircare,Premium,0,2,7.1,2748.0,0,1,35,0
TIRA01382,18,Female,Tier 3,₹25L+,App,8,4015.0,80.0,Makeup,Masstige,1,3,4.4,2409.0,0,0,15,0
TIRA01383,27,Male,Tier 2,₹6L-12L,In-Store,3,1741.0,44.8,Makeup,Premium,1,3,6.8,1351.0,0,0,34,0
TIRA01384,28,Male,Tier 3,₹12L-25L,Influencer,2,3409.0,16.8,Makeup,Premium,0,1,8.9,3123.0,1,1,21,1
TIRA01385,18,Male,Tier 2,₹25L+,Paid Ad,9,3887.0,18.4,Skincare,Luxury,0,4,7.6,3530.0,1,1,5,1
TIRA01386,30,Female,Tier 1,₹12L-25L,In-Store,12,747.0,45.4,Skincare,Masstige,1,7,6.4,578.0,0,0,27,0
TIRA01387,39,Female,Tier 1,₹12L-25L,App,8,4602.0,8.0,Fragrance,Premium,0,3,8.3,4417.0,1,1,7,1
TIRA01388,21,Non-binary,Tier 2,₹12L-25L,Influencer,11,1701.0,27.7,Skincare,Luxury,0,3,9.6,1465.0,0,1,32,1
TIRA01389,32,Female,Tier 1,₹3L-6L,In-Store,7,3453.0,42.0,Wellness,Premium,1,5,8.6,2728.0,0,1,34,0
TIRA01390,22,Female,Tier 2,₹3L-6L,Paid Ad,10,5345.0,80.0,Skincare,Luxury,1,3,4.5,3207.0,0,0,20,0
TIRA01391,24,Female,Tier 1,₹6L-12L,Influencer,8,4346.0,64.0,Fragrance,Luxury,1,3,6.4,2955.0,0,0,14,0
TIRA01392,41,Female,Tier 2,₹3L-6L,App,9,1412.0,30.2,Luxury Tools,Premium,1,1,8.6,1199.0,0,1,17,0
TIRA01393,25,Female,Tier 1,₹6L-12L,Paid Ad,6,2986.0,2.6,Skincare,Premium,0,3,8.6,2948.0,1,1,28,1
TIRA01394,33,Female,Tier 3,₹6L-12L,In-Store,10,4680.0,45.4,Makeup,Premium,1,4,6.1,3618.0,0,0,14,0
TIRA01395,18,Female,Tier 1,₹25L+,App,7,2220.0,1.6,Fragrance,Masstige,0,2,7.4,2202.0,1,1,2,1
TIRA01396,44,Female,Tier 1,₹25L+,Influencer,3,2768.0,3.6,Makeup,Masstige,0,2,8.0,2718.0,1,1,21,1
TIRA01397,34,Female,Tier 2,₹12L-25L,Word of Mouth,6,2735.0,17.2,Fragrance,Premium,0,3,6.2,2499.0,1,0,26,0
TIRA01398,28,Female,Tier 2,₹12L-25L,Influencer,9,3884.0,2.2,Skincare,Luxury,0,4,8.8,3842.0,1,1,6,1
TIRA01399,34,Female,Tier 2,₹6L-12L,App,15,1356.0,13.6,Luxury Tools,Premium,0,2,8.8,1264.0,1,1,13,1
TIRA01400,18,Male,Tier 3,₹3L-6L,Influencer,2,3951.0,75.9,Makeup,Premium,1,2,4.6,2451.0,0,0,17,0
TIRA01401,39,Female,Tier 1,₹12L-25L,App,7,2453.0,20.6,Skincare,Luxury,0,1,6.7,2200.0,1,0,22,0
TIRA01402,27,Female,Tier 2,₹12L-25L,In-Store,8,3186.0,26.6,Makeup,Premium,0,4,5.9,2762.0,0,0,18,0
TIRA01403,28,Male,Tier 1,₹6L-12L,In-Store,6,2930.0,11.6,Skincare,Masstige,0,4,8.0,2760.0,1,1,27,0
TIRA01404,26,Female,Tier 1,₹6L-12L,App,7,3920.0,50.1,Makeup,Masstige,1,4,6.0,2938.0,0,0,23,0
TIRA01405,25,Male,Tier 1,₹6L-12L,In-Store,14,3175.0,35.5,Skincare,Luxury,1,2,5.1,2612.0,0,0,25,0
TIRA01406,35,Female,Tier 1,₹6L-12L,Word of Mouth,8,4929.0,10.6,Fragrance,Premium,0,4,10.0,4667.0,1,1,3,1
TIRA01407,32,Female,Tier 2,₹6L-12L,App,8,4387.0,23.3,Makeup,Premium,0,7,5.3,3877.0,1,0,33,0
TIRA01408,35,Female,Tier 2,₹6L-12L,Paid Ad,14,2246.0,34.2,Makeup,Premium,1,0,5.2,1862.0,0,0,16,0
TIRA01409,29,Female,Tier 1,₹12L-25L,Influencer,9,4838.0,9.8,Luxury Tools,Premium,0,2,8.5,4601.0,1,1,15,1
TIRA01410,34,Non-binary,Tier 3,₹25L+,In-Store,13,3583.0,10.2,Luxury Tools,Premium,0,3,8.2,3401.0,1,1,27,1
TIRA01411,26,Male,Tier 1,₹12L-25L,App,8,3404.0,10.5,Fragrance,Premium,0,5,6.9,3225.0,1,0,15,0
TIRA01412,47,Male,Tier 1,₹12L-25L,App,6,4218.0,67.3,Skincare,Masstige,1,1,4.5,2799.0,0,0,28,0
TIRA01413,18,Male,Tier 2,₹12L-25L,App,5,1951.0,16.3,Luxury Tools,Masstige,0,5,7.8,1792.0,1,1,29,0
TIRA01414,40,Female,Tier 1,₹3L-6L,Influencer,7,1545.0,16.8,Skincare,Premium,0,1,7.7,1415.0,1,1,20,1
TIRA01415,40,Male,Tier 1,₹12L-25L,Word of Mouth,7,3230.0,10.6,Makeup,Masstige,0,2,6.9,3058.0,1,0,20,0
TIRA01416,23,Female,Tier 2,₹6L-12L,Paid Ad,7,2472.0,12.9,Luxury Tools,Luxury,0,1,8.5,2313.0,1,1,31,1
TIRA01417,47,Male,Tier 1,₹12L-25L,App,6,5688.0,18.3,Skincare,Masstige,0,3,7.8,5167.0,1,1,27,1
TIRA01418,37,Female,Tier 1,₹3L-6L,App,8,2283.0,9.3,Skincare,Premium,0,4,9.0,2177.0,1,1,27,1
TIRA01419,37,Female,Tier 2,₹25L+,App,1,3248.0,63.2,Makeup,Premium,1,1,5.4,2221.0,0,0,25,0
TIRA01420,30,Male,Tier 1,₹25L+,Word of Mouth,15,3430.0,9.7,Makeup,Premium,0,3,8.4,3264.0,1,1,28,1
TIRA01421,28,Male,Tier 2,₹3L-6L,App,6,4678.0,27.9,Makeup,Masstige,0,5,6.7,4026.0,0,0,27,0
TIRA01422,28,Female,Tier 2,₹6L-12L,App,5,2007.0,6.6,Fragrance,Luxury,0,2,8.3,1940.0,1,1,28,1
TIRA01423,33,Female,Tier 1,₹6L-12L,Influencer,7,1266.0,9.7,Fragrance,Premium,0,4,8.0,1204.0,1,1,15,1
TIRA01424,41,Female,Tier 1,₹12L-25L,Influencer,7,4873.0,12.6,Wellness,Masstige,0,2,8.3,4567.0,1,1,26,1
TIRA01425,31,Non-binary,Tier 1,₹12L-25L,App,6,3297.0,80.5,Skincare,Masstige,1,1,5.3,1970.0,0,0,19,0
TIRA01426,22,Female,Tier 2,₹6L-12L,Influencer,7,4172.0,19.0,Haircare,Luxury,0,1,5.4,3776.0,1,0,30,1
TIRA01427,36,Female,Tier 1,₹12L-25L,App,8,4228.0,8.9,Fragrance,Premium,0,2,7.0,4041.0,1,1,18,1
TIRA01428,37,Female,Tier 3,₹6L-12L,App,5,4436.0,52.3,Skincare,Premium,1,1,6.0,3276.0,0,0,4,0
TIRA01429,35,Female,Tier 1,₹6L-12L,App,11,2747.0,44.7,Makeup,Masstige,1,4,6.7,2133.0,0,0,29,0
TIRA01430,35,Female,Tier 2,₹6L-12L,In-Store,6,2421.0,33.7,Skincare,Premium,1,4,7.5,2013.0,0,1,18,0
TIRA01431,27,Female,Tier 1,₹12L-25L,Word of Mouth,8,804.0,10.1,Skincare,Premium,0,6,8.1,764.0,1,1,2,1
TIRA01432,22,Male,Tier 1,₹6L-12L,In-Store,12,2006.0,5.8,Skincare,Masstige,0,5,7.1,1948.0,1,1,29,0
TIRA01433,23,Male,Tier 1,₹6L-12L,Paid Ad,9,3275.0,39.5,Haircare,Luxury,1,5,7.3,2627.0,0,1,2,1
TIRA01434,18,Male,Tier 2,₹6L-12L,In-Store,10,2358.0,40.1,Makeup,Luxury,1,3,5.6,1885.0,0,0,4,0
TIRA01435,31,Female,Tier 3,₹25L+,Influencer,5,1831.0,7.4,Skincare,Premium,0,6,9.0,1763.0,1,1,25,1
TIRA01436,29,Female,Tier 1,₹12L-25L,Word of Mouth,8,3261.0,4.3,Makeup,Masstige,0,2,9.2,3190.0,1,1,6,1
TIRA01437,26,Female,Tier 1,₹25L+,In-Store,10,4812.0,29.9,Skincare,Premium,0,2,6.8,4093.0,0,0,10,0
TIRA01438,18,Male,Tier 1,₹12L-25L,Word of Mouth,3,3133.0,13.4,Skincare,Luxury,0,4,6.8,2923.0,1,0,15,1
TIRA01439,20,Female,Tier 1,₹12L-25L,Influencer,5,1841.0,30.2,Luxury Tools,Premium,1,5,6.1,1563.0,0,0,35,0
TIRA01440,38,Female,Tier 3,₹6L-12L,Influencer,7,4727.0,43.5,Makeup,Masstige,1,4,5.2,3699.0,0,0,20,0
TIRA01441,24,Male,Tier 3,₹12L-25L,App,11,2271.0,58.7,Fragrance,Premium,1,3,4.7,1604.0,0,0,34,0
TIRA01442,32,Female,Tier 3,₹6L-12L,Influencer,6,4975.0,30.0,Skincare,Premium,0,5,6.6,4230.0,0,0,26,0
TIRA01443,18,Male,Tier 1,₹3L-6L,In-Store,10,2884.0,55.4,Skincare,Masstige,1,2,5.2,2086.0,0,0,11,0
TIRA01444,41,Female,Tier 1,₹6L-12L,Word of Mouth,7,3324.0,27.3,Fragrance,Luxury,0,1,5.3,2870.0,0,0,20,0
TIRA01445,28,Female,Tier 2,₹3L-6L,Word of Mouth,7,5073.0,38.7,Skincare,Masstige,1,4,6.0,4092.0,0,0,12,0
TIRA01446,32,Female,Tier 1,₹25L+,In-Store,9,1578.0,20.8,Skincare,Premium,0,2,7.3,1414.0,1,1,8,0
TIRA01447,48,Female,Tier 2,₹25L+,Word of Mouth,11,1940.0,8.8,Haircare,Premium,0,4,7.3,1855.0,1,1,19,1
TIRA01448,42,Male,Tier 1,₹12L-25L,Paid Ad,6,2808.0,29.7,Makeup,Premium,0,2,5.9,2391.0,0,0,30,0
TIRA01449,27,Female,Tier 1,₹3L-6L,Influencer,12,3032.0,71.5,Luxury Tools,Masstige,1,1,2.7,1948.0,0,0,28,0
TIRA01450,25,Female,Tier 3,₹25L+,App,11,6370.0,33.0,Wellness,Premium,1,3,7.8,5320.0,0,1,10,0
TIRA01451,27,Male,Tier 1,₹12L-25L,App,6,2134.0,42.8,Skincare,Premium,1,2,6.2,1677.0,0,0,10,0
TIRA01452,34,Female,Tier 3,₹6L-12L,App,11,1635.0,48.9,Skincare,Luxury,1,1,6.4,1235.0,0,0,31,0
TIRA01453,29,Male,Tier 1,₹12L-25L,App,10,2077.0,28.7,Haircare,Masstige,0,2,7.0,1779.0,0,1,23,0
TIRA01454,26,Female,Tier 1,₹12L-25L,Word of Mouth,11,3479.0,52.0,Skincare,Masstige,1,3,6.4,2575.0,0,0,18,0
TIRA01455,41,Male,Tier 1,₹3L-6L,App,5,3790.0,21.6,Makeup,Luxury,0,4,7.4,3381.0,1,1,29,1
TIRA01456,29,Female,Tier 1,₹12L-25L,Influencer,13,2351.0,29.0,Makeup,Premium,0,3,6.9,2011.0,0,0,2,0
TIRA01457,48,Female,Tier 1,₹12L-25L,Influencer,3,3225.0,47.8,Fragrance,Premium,1,3,6.9,2455.0,0,0,27,0
TIRA01458,30,Female,Tier 1,₹6L-12L,Influencer,6,5534.0,16.4,Luxury Tools,Premium,0,5,8.3,5080.0,1,1,17,1
TIRA01459,44,Female,Tier 2,₹6L-12L,App,8,3242.0,41.3,Skincare,Masstige,1,3,7.7,2573.0,0,1,17,0
TIRA01460,32,Female,Tier 3,₹12L-25L,Influencer,11,3585.0,45.2,Skincare,Luxury,1,3,5.4,2775.0,0,0,23,0
TIRA01461,37,Female,Tier 1,₹12L-25L,Influencer,5,5467.0,15.9,Wellness,Premium,0,0,7.6,5031.0,1,1,8,1
TIRA01462,24,Female,Tier 1,₹25L+,Influencer,7,2362.0,14.4,Skincare,Luxury,0,2,5.8,2192.0,1,0,31,1
TIRA01463,23,Male,Tier 1,₹12L-25L,App,10,2284.0,22.6,Skincare,Premium,0,4,6.6,2025.0,1,0,3,0
TIRA01464,33,Female,Tier 2,₹12L-25L,Influencer,6,2636.0,13.5,Skincare,Luxury,0,6,7.3,2458.0,1,1,21,1
TIRA01465,37,Female,Tier 2,₹12L-25L,App,4,2567.0,30.6,Skincare,Premium,1,6,7.5,2174.0,0,1,17,0
TIRA01466,30,Non-binary,Tier 1,₹12L-25L,Influencer,10,1015.0,7.5,Skincare,Masstige,0,5,7.6,977.0,1,1,35,1
TIRA01467,19,Female,Tier 1,₹12L-25L,In-Store,8,3366.0,23.2,Skincare,Premium,0,3,7.7,2976.0,1,1,23,0
TIRA01468,19,Non-binary,Tier 1,₹3L-6L,App,9,3460.0,8.7,Skincare,Luxury,0,3,7.3,3309.0,1,1,14,1
TIRA01469,18,Non-binary,Tier 1,₹12L-25L,Paid Ad,7,2977.0,4.3,Fragrance,Premium,0,2,7.3,2913.0,1,1,15,1
TIRA01470,18,Male,Tier 1,₹12L-25L,App,6,3497.0,33.8,Skincare,Premium,1,3,5.8,2906.0,0,0,9,0
TIRA01471,30,Male,Tier 3,₹12L-25L,Word of Mouth,6,3510.0,6.7,Fragrance,Masstige,0,5,8.4,3391.0,1,1,2,1
TIRA01472,39,Female,Tier 1,₹25L+,Paid Ad,10,1621.0,71.9,Haircare,Premium,1,2,4.7,1038.0,0,0,16,0
TIRA01473,29,Female,Tier 1,₹12L-25L,In-Store,4,3546.0,27.9,Makeup,Premium,0,0,4.5,3051.0,0,0,1,0
TIRA01474,18,Female,Tier 1,₹6L-12L,In-Store,5,3870.0,40.1,Wellness,Premium,1,4,7.0,3093.0,0,1,24,0
TIRA01475,28,Male,Tier 2,₹3L-6L,App,7,1283.0,49.3,Makeup,Premium,1,3,5.1,967.0,0,0,32,0
TIRA01476,28,Female,Tier 1,₹3L-6L,Word of Mouth,7,4956.0,36.5,Skincare,Masstige,1,3,6.7,4050.0,0,0,4,0
TIRA01477,46,Male,Tier 1,₹6L-12L,Influencer,7,1717.0,6.0,Makeup,Premium,0,2,6.6,1665.0,1,0,35,0
TIRA01478,18,Female,Tier 1,₹6L-12L,App,6,1834.0,14.8,Skincare,Premium,0,2,7.4,1699.0,1,1,4,1
TIRA01479,26,Female,Tier 2,₹6L-12L,In-Store,12,3442.0,39.4,Skincare,Masstige,1,2,3.6,2764.0,0,0,17,0
TIRA01480,43,Female,Tier 1,₹6L-12L,App,6,3842.0,32.5,Luxury Tools,Premium,1,3,6.7,3218.0,0,0,22,0
TIRA01481,33,Female,Tier 3,₹6L-12L,Influencer,10,4133.0,79.7,Fragrance,Luxury,1,4,3.9,2486.0,0,0,23,0
TIRA01482,34,Female,Tier 1,₹12L-25L,In-Store,5,3873.0,25.7,Makeup,Masstige,0,4,5.7,3375.0,0,0,14,0
TIRA01483,30,Female,Tier 1,₹12L-25L,App,6,2576.0,42.5,Makeup,Masstige,1,5,7.1,2029.0,0,1,2,0
TIRA01484,32,Male,Tier 3,₹6L-12L,Paid Ad,11,3330.0,29.4,Makeup,Premium,0,8,6.7,2841.0,0,0,28,0
TIRA01485,36,Female,Tier 2,₹6L-12L,App,1,2820.0,22.0,Skincare,Premium,0,0,6.9,2510.0,1,0,17,0
TIRA01486,23,Female,Tier 1,₹3L-6L,In-Store,6,3409.0,62.7,Skincare,Luxury,1,5,4.8,2340.0,0,0,10,0
TIRA01487,37,Female,Tier 2,₹3L-6L,Influencer,13,3282.0,8.3,Makeup,Luxury,0,3,8.6,3146.0,1,1,16,1
TIRA01488,19,Female,Tier 1,₹6L-12L,Word of Mouth,1,2594.0,32.8,Skincare,Premium,1,2,6.3,2168.0,0,0,16,0
TIRA01489,32,Female,Tier 1,₹3L-6L,In-Store,12,2783.0,41.0,Skincare,Masstige,1,4,7.8,2213.0,0,1,21,0
TIRA01490,31,Female,Tier 2,₹6L-12L,Word of Mouth,8,977.0,21.8,Haircare,Masstige,0,8,8.4,871.0,1,1,19,0
TIRA01491,25,Male,Tier 2,₹25L+,In-Store,5,4196.0,20.7,Makeup,Premium,0,4,8.6,3761.0,1,1,21,1
TIRA01492,29,Female,Tier 1,₹12L-25L,Paid Ad,2,3557.0,16.4,Skincare,Premium,0,1,8.3,3266.0,1,1,33,1
TIRA01493,25,Female,Tier 2,₹12L-25L,App,8,500.0,66.9,Luxury Tools,Masstige,1,2,4.7,333.0,0,0,33,0
TIRA01494,21,Female,Tier 1,₹3L-6L,Influencer,4,4152.0,21.5,Haircare,Luxury,0,2,7.2,3705.0,1,1,1,1
TIRA01495,27,Female,Tier 1,₹6L-12L,App,3,3136.0,42.3,Makeup,Luxury,1,5,6.1,2473.0,0,0,23,0
TIRA01496,21,Male,Tier 3,₹25L+,Word of Mouth,7,2076.0,50.5,Skincare,Premium,1,2,6.8,1552.0,0,0,8,0
TIRA01497,32,Female,Tier 1,₹6L-12L,Word of Mouth,10,1969.0,22.6,Haircare,Premium,0,4,7.1,1747.0,1,1,3,0
TIRA01498,20,Male,Tier 2,₹12L-25L,In-Store,14,2374.0,11.2,Haircare,Luxury,0,3,7.3,2241.0,1,1,4,1
TIRA01499,35,Female,Tier 2,₹25L+,In-Store,5,2082.0,22.1,Makeup,Masstige,0,0,8.8,1852.0,1,1,23,0
TIRA01500,20,Female,Tier 2,₹12L-25L,Influencer,6,2243.0,18.1,Haircare,Luxury,0,4,7.0,2041.0,1,0,35,1
TIRA01501,25,Female,Tier 1,₹6L-12L,App,9,5241.0,38.2,Skincare,Premium,1,2,5.8,4240.0,0,0,28,0
TIRA01502,25,Female,Tier 3,₹12L-25L,Influencer,6,3645.0,31.2,Skincare,Premium,1,5,6.4,3078.0,0,0,5,0
TIRA01503,40,Non-binary,Tier 2,₹3L-6L,Influencer,12,5643.0,53.4,Fragrance,Masstige,1,3,6.9,4135.0,0,0,8,0
TIRA01504,32,Female,Tier 2,₹3L-6L,In-Store,7,3471.0,50.8,Skincare,Premium,1,1,6.2,2589.0,0,0,29,0
TIRA01505,28,Male,Tier 1,₹3L-6L,App,9,3895.0,59.6,Makeup,Masstige,1,4,6.1,2734.0,0,0,22,0
TIRA01506,33,Male,Tier 1,₹25L+,Word of Mouth,11,2143.0,55.6,Fragrance,Masstige,1,3,6.0,1547.0,0,0,19,0
TIRA01507,18,Female,Tier 1,₹12L-25L,App,10,2998.0,30.9,Skincare,Premium,1,6,4.6,2536.0,0,0,7,0
TIRA01508,29,Female,Tier 1,₹6L-12L,Influencer,10,3102.0,65.0,Wellness,Masstige,1,8,4.3,2094.0,0,0,28,0
TIRA01509,45,Female,Tier 1,₹6L-12L,App,9,3944.0,41.0,Fragrance,Masstige,1,1,6.1,3136.0,0,0,30,0
TIRA01510,31,Female,Tier 2,₹12L-25L,App,4,3141.0,23.9,Haircare,Luxury,0,2,7.4,2766.0,1,1,11,1
TIRA01511,30,Male,Tier 3,₹25L+,App,8,3622.0,31.8,Haircare,Masstige,1,3,5.7,3045.0,0,0,35,0
TIRA01512,34,Female,Tier 1,₹6L-12L,In-Store,8,3579.0,67.4,Fragrance,Premium,1,1,4.3,2372.0,0,0,17,0
TIRA01513,37,Male,Tier 1,₹6L-12L,Influencer,9,2837.0,41.0,Skincare,Masstige,1,4,6.0,2255.0,0,0,2,0
TIRA01514,18,Female,Tier 2,₹25L+,In-Store,9,2713.0,33.9,Haircare,Premium,1,1,8.0,2254.0,0,1,35,0
TIRA01515,18,Female,Tier 1,₹25L+,Influencer,5,2397.0,29.3,Skincare,Luxury,0,3,4.7,2046.0,0,0,7,0
TIRA01516,31,Female,Tier 3,₹25L+,Influencer,3,4499.0,51.1,Fragrance,Premium,1,3,3.3,3350.0,0,0,4,0
TIRA01517,24,Female,Tier 1,₹6L-12L,App,9,2837.0,39.8,Makeup,Luxury,1,7,8.1,2272.0,0,1,16,0
TIRA01518,40,Male,Tier 1,₹3L-6L,App,2,3595.0,36.2,Haircare,Premium,1,3,5.0,2944.0,0,0,22,0
TIRA01519,27,Female,Tier 1,₹6L-12L,Influencer,2,3012.0,43.4,Skincare,Premium,1,1,5.9,2358.0,0,0,23,0
TIRA01520,18,Non-binary,Tier 3,₹6L-12L,Influencer,6,4475.0,46.0,Skincare,Masstige,1,8,4.7,3446.0,0,0,34,0
TIRA01521,19,Male,Tier 1,₹25L+,Influencer,8,814.0,51.3,Fragrance,Luxury,1,4,5.6,605.0,0,0,17,0
TIRA01522,18,Male,Tier 2,₹3L-6L,App,4,3564.0,48.8,Makeup,Luxury,1,2,5.9,2694.0,0,0,5,0
TIRA01523,28,Female,Tier 1,₹12L-25L,Paid Ad,7,1694.0,45.1,Makeup,Masstige,1,5,7.8,1312.0,0,1,16,0
TIRA01524,28,Male,Tier 1,₹25L+,App,7,3669.0,23.7,Haircare,Masstige,0,3,7.8,3235.0,1,1,30,0
TIRA01525,26,Female,Tier 3,₹25L+,Influencer,7,3024.0,41.4,Skincare,Premium,1,1,5.1,2398.0,0,0,1,0
TIRA01526,38,Male,Tier 1,₹12L-25L,App,7,1426.0,19.2,Skincare,Masstige,0,4,5.3,1289.0,1,0,10,0
TIRA01527,39,Female,Tier 1,₹25L+,Influencer,2,3605.0,2.4,Skincare,Premium,0,2,8.4,3562.0,1,1,24,1
TIRA01528,28,Female,Tier 1,₹3L-6L,In-Store,4,3469.0,59.0,Luxury Tools,Luxury,1,2,5.1,2446.0,0,0,8,0
TIRA01529,18,Female,Tier 3,₹6L-12L,Influencer,11,2923.0,26.6,Skincare,Luxury,0,3,6.2,2534.0,0,0,18,0
TIRA01530,34,Female,Tier 1,₹3L-6L,App,13,3075.0,36.1,Makeup,Premium,1,1,7.7,2520.0,0,1,6,1
TIRA01531,34,Female,Tier 1,₹25L+,Influencer,8,3394.0,40.0,Wellness,Masstige,1,10,4.6,2715.0,0,0,5,0
TIRA01532,32,Male,Tier 3,₹25L+,App,9,4614.0,41.3,Fragrance,Premium,1,2,6.0,3661.0,0,0,26,0
TIRA01533,37,Female,Tier 2,₹3L-6L,Influencer,13,2823.0,13.7,Haircare,Luxury,0,3,8.1,2629.0,1,1,28,1
TIRA01534,20,Male,Tier 3,₹3L-6L,App,8,4416.0,35.7,Makeup,Luxury,1,4,5.4,3628.0,0,0,2,0
TIRA01535,46,Female,Tier 2,₹6L-12L,App,14,3155.0,14.2,Fragrance,Luxury,0,3,8.7,2931.0,1,1,19,1
TIRA01536,22,Male,Tier 2,₹6L-12L,Influencer,6,4755.0,9.3,Luxury Tools,Luxury,0,2,6.6,4534.0,1,0,15,1
TIRA01537,35,Male,Tier 1,₹12L-25L,App,4,2918.0,46.6,Luxury Tools,Premium,1,1,6.1,2238.0,0,0,13,0
TIRA01538,18,Female,Tier 1,₹6L-12L,App,8,2400.0,32.4,Haircare,Masstige,1,3,6.0,2012.0,0,0,25,0
TIRA01539,22,Male,Tier 2,₹12L-25L,Paid Ad,11,1883.0,56.7,Haircare,Luxury,1,1,3.0,1349.0,0,0,23,0
TIRA01540,42,Male,Tier 2,₹12L-25L,Paid Ad,8,3159.0,37.4,Haircare,Premium,1,3,6.1,2569.0,0,0,5,0
TIRA01541,27,Male,Tier 3,₹6L-12L,Paid Ad,14,2248.0,48.6,Fragrance,Luxury,1,4,6.8,1701.0,0,0,35,0
TIRA01542,36,Female,Tier 2,₹3L-6L,In-Store,8,4885.0,30.1,Haircare,Premium,1,2,5.8,4151.0,0,0,8,0
TIRA01543,31,Female,Tier 1,₹25L+,In-Store,9,2155.0,50.7,Skincare,Masstige,1,1,5.3,1608.0,0,0,20,0
TIRA01544,29,Male,Tier 1,₹12L-25L,Paid Ad,9,2372.0,32.4,Haircare,Masstige,1,6,6.2,1988.0,0,0,6,0
TIRA01545,40,Female,Tier 2,₹6L-12L,App,10,3897.0,11.4,Makeup,Luxury,0,0,8.1,3675.0,1,1,22,1
TIRA01546,28,Male,Tier 1,₹6L-12L,Influencer,7,4623.0,13.6,Skincare,Premium,0,3,7.1,4308.0,1,1,1,1
TIRA01547,18,Female,Tier 2,₹25L+,App,5,4077.0,14.2,Skincare,Masstige,0,4,7.5,3787.0,1,1,10,1
TIRA01548,23,Male,Tier 2,₹12L-25L,Word of Mouth,6,4470.0,20.9,Skincare,Premium,0,0,7.2,4004.0,1,1,16,0
TIRA01549,34,Female,Tier 1,₹12L-25L,Influencer,3,3104.0,65.6,Makeup,Masstige,1,5,4.9,2085.0,0,0,4,0
TIRA01550,33,Female,Tier 2,₹12L-25L,In-Store,7,3121.0,36.9,Skincare,Premium,1,2,8.2,2544.0,0,1,18,0
TIRA01551,18,Non-binary,Tier 2,₹25L+,In-Store,8,5614.0,21.4,Haircare,Premium,0,7,6.1,5013.0,1,0,21,0
TIRA01552,24,Male,Tier 3,₹6L-12L,App,9,5228.0,21.1,Wellness,Premium,0,4,7.9,4678.0,1,1,34,0
TIRA01553,25,Male,Tier 1,₹12L-25L,In-Store,9,4057.0,15.3,Skincare,Luxury,0,1,8.7,3747.0,1,1,14,1
TIRA01554,27,Non-binary,Tier 2,₹6L-12L,Influencer,10,4528.0,28.1,Skincare,Masstige,0,1,6.7,3892.0,0,0,26,0
TIRA01555,18,Female,Tier 1,₹12L-25L,In-Store,2,4230.0,48.9,Skincare,Luxury,1,2,6.1,3196.0,0,0,10,0
TIRA01556,24,Female,Tier 1,₹25L+,In-Store,6,1753.0,53.6,Fragrance,Luxury,1,3,6.4,1283.0,0,0,34,0
TIRA01557,24,Female,Tier 1,₹25L+,App,7,3152.0,38.0,Skincare,Luxury,1,6,6.1,2553.0,0,0,34,0
TIRA01558,36,Female,Tier 3,₹12L-25L,Influencer,4,4996.0,48.5,Skincare,Luxury,1,5,4.2,3784.0,0,0,27,0
TIRA01559,36,Female,Tier 3,₹12L-25L,In-Store,6,4064.0,7.2,Skincare,Masstige,0,4,7.5,3918.0,1,1,8,0
TIRA01560,28,Male,Tier 1,₹25L+,App,12,3124.0,14.4,Skincare,Premium,0,5,9.1,2899.0,1,1,35,1
TIRA01561,26,Female,Tier 2,₹25L+,Word of Mouth,9,5011.0,35.0,Haircare,Masstige,1,2,7.2,4134.0,0,1,14,0
TIRA01562,31,Female,Tier 1,₹12L-25L,In-Store,6,3643.0,58.5,Haircare,Premium,1,3,5.7,2577.0,0,0,9,0
TIRA01563,23,Female,Tier 2,₹3L-6L,In-Store,6,4107.0,80.0,Skincare,Masstige,1,4,5.6,2464.0,0,0,15,0
TIRA01564,20,Female,Tier 1,₹6L-12L,Word of Mouth,9,3649.0,50.5,Makeup,Masstige,1,6,5.8,2727.0,0,0,6,0
TIRA01565,22,Female,Tier 2,₹25L+,In-Store,12,3849.0,6.9,Makeup,Luxury,0,4,7.8,3716.0,1,1,13,1
TIRA01566,24,Female,Tier 1,₹12L-25L,Word of Mouth,5,3935.0,6.2,Wellness,Luxury,0,4,7.3,3812.0,1,1,14,1
TIRA01567,20,Female,Tier 2,₹12L-25L,Influencer,10,4760.0,22.7,Haircare,Premium,0,6,7.6,4220.0,1,1,35,0
TIRA01568,31,Female,Tier 1,₹12L-25L,Influencer,4,4916.0,51.6,Fragrance,Premium,1,4,5.4,3649.0,0,0,18,0
TIRA01569,35,Male,Tier 2,₹6L-12L,App,9,2659.0,19.4,Wellness,Luxury,0,2,6.9,2401.0,1,0,26,1
TIRA01570,18,Female,Tier 2,₹6L-12L,App,10,3627.0,34.5,Makeup,Luxury,1,2,7.5,3002.0,0,1,29,1
TIRA01571,30,Female,Tier 1,₹12L-25L,In-Store,8,4725.0,66.5,Skincare,Masstige,1,5,5.1,3155.0,0,0,34,0
TIRA01572,28,Female,Tier 1,₹6L-12L,App,8,3042.0,50.8,Haircare,Masstige,1,4,6.5,2270.0,0,0,19,0
TIRA01573,32,Female,Tier 2,₹12L-25L,App,12,1629.0,42.2,Skincare,Luxury,1,2,7.0,1286.0,0,0,21,0
TIRA01574,29,Female,Tier 2,₹12L-25L,Influencer,10,2110.0,28.0,Makeup,Masstige,0,1,6.8,1814.0,0,0,34,0
TIRA01575,18,Non-binary,Tier 1,₹12L-25L,Influencer,7,2193.0,22.4,Haircare,Premium,0,1,6.8,1947.0,1,0,24,0
TIRA01576,19,Female,Tier 1,₹6L-12L,App,9,2650.0,32.9,Makeup,Premium,1,2,5.4,2214.0,0,0,11,0
TIRA01577,30,Female,Tier 1,₹12L-25L,Influencer,3,2305.0,14.5,Makeup,Premium,0,2,6.3,2137.0,1,0,21,0
TIRA01578,38,Female,Tier 2,₹3L-6L,Word of Mouth,13,4435.0,46.8,Makeup,Masstige,1,1,6.7,3397.0,0,0,21,0
TIRA01579,18,Male,Tier 2,₹3L-6L,Influencer,8,2868.0,77.0,Skincare,Premium,1,1,5.5,1764.0,0,0,21,0
TIRA01580,32,Female,Tier 1,₹6L-12L,Paid Ad,8,4713.0,5.0,Skincare,Premium,0,2,6.8,4595.0,1,0,23,0
TIRA01581,39,Female,Tier 2,₹3L-6L,Influencer,10,1844.0,6.6,Makeup,Luxury,0,4,8.1,1783.0,1,1,16,1
TIRA01582,28,Male,Tier 2,₹25L+,App,10,2776.0,34.9,Skincare,Premium,1,4,6.8,2292.0,0,0,6,0
TIRA01583,34,Female,Tier 2,₹25L+,In-Store,5,3325.0,11.5,Wellness,Luxury,0,6,8.5,3134.0,1,1,13,1
TIRA01584,24,Female,Tier 1,₹3L-6L,Word of Mouth,7,4173.0,27.4,Makeup,Masstige,0,3,9.1,3601.0,0,1,28,0
TIRA01585,29,Female,Tier 1,₹12L-25L,Influencer,7,4572.0,63.6,Fragrance,Masstige,1,3,6.0,3118.0,0,0,35,0
TIRA01586,18,Female,Tier 1,₹12L-25L,Paid Ad,6,2554.0,22.4,Wellness,Luxury,0,4,6.4,2268.0,1,0,23,0
TIRA01587,18,Non-binary,Tier 1,₹12L-25L,Word of Mouth,3,4392.0,46.8,Makeup,Masstige,1,1,6.9,3365.0,0,0,28,0
TIRA01588,37,Female,Tier 1,₹25L+,App,6,1182.0,23.3,Makeup,Masstige,0,4,6.0,1044.0,1,0,7,0
TIRA01589,22,Female,Tier 1,₹12L-25L,In-Store,5,4246.0,34.4,Fragrance,Masstige,1,2,8.8,3515.0,0,1,28,0
TIRA01590,26,Female,Tier 1,₹3L-6L,Influencer,11,1591.0,38.7,Skincare,Premium,1,3,5.2,1283.0,0,0,15,0
TIRA01591,18,Female,Tier 2,₹3L-6L,App,13,3736.0,55.6,Makeup,Luxury,1,4,6.2,2697.0,0,0,25,0
TIRA01592,18,Male,Tier 1,₹6L-12L,Influencer,5,4555.0,11.5,Skincare,Luxury,0,2,7.5,4294.0,1,1,23,1
TIRA01593,28,Female,Tier 2,₹25L+,Paid Ad,6,4265.0,40.9,Haircare,Masstige,1,4,5.9,3392.0,0,0,27,0
TIRA01594,24,Male,Tier 1,₹12L-25L,Influencer,16,1233.0,4.2,Fragrance,Premium,0,3,7.4,1207.0,1,1,26,1
TIRA01595,33,Female,Tier 2,₹6L-12L,App,4,2663.0,28.1,Makeup,Premium,0,1,8.2,2290.0,0,1,23,0
TIRA01596,33,Female,Tier 1,₹3L-6L,Influencer,13,4060.0,22.4,Makeup,Luxury,0,4,7.7,3605.0,1,1,15,1
TIRA01597,32,Female,Tier 2,₹25L+,App,8,4026.0,74.9,Makeup,Premium,1,3,4.9,2518.0,0,0,29,0
TIRA01598,31,Male,Tier 2,₹6L-12L,Paid Ad,7,3531.0,37.3,Makeup,Premium,1,3,8.2,2872.0,0,1,26,0
TIRA01599,42,Female,Tier 1,₹12L-25L,App,12,558.0,9.6,Haircare,Masstige,0,7,7.5,531.0,1,1,5,0
TIRA01600,21,Female,Tier 2,₹12L-25L,Paid Ad,15,4638.0,35.9,Luxury Tools,Premium,1,2,7.3,3806.0,0,1,10,0
TIRA01601,29,Male,Tier 1,₹6L-12L,In-Store,11,4852.0,40.4,Skincare,Premium,1,2,5.0,3870.0,0,0,10,0
TIRA01602,39,Female,Tier 2,₹3L-6L,In-Store,8,3396.0,28.9,Skincare,Premium,0,4,5.6,2907.0,0,0,11,0
TIRA01603,40,Female,Tier 1,₹6L-12L,In-Store,5,3474.0,44.9,Skincare,Premium,1,1,6.9,2694.0,0,0,25,0
TIRA01604,18,Female,Tier 1,₹6L-12L,App,7,3804.0,17.7,Haircare,Premium,0,0,7.6,3467.0,1,1,1,1
TIRA01605,27,Male,Tier 1,₹12L-25L,In-Store,9,4953.0,39.4,Luxury Tools,Masstige,1,7,8.6,3976.0,0,1,10,0
TIRA01606,40,Female,Tier 3,₹12L-25L,Paid Ad,6,3501.0,34.4,Skincare,Premium,1,5,5.9,2898.0,0,0,18,0
TIRA01607,34,Female,Tier 1,₹6L-12L,Paid Ad,8,2971.0,74.5,Makeup,Premium,1,1,5.7,1864.0,0,0,7,0
TIRA01608,31,Female,Tier 2,₹12L-25L,App,4,3658.0,24.5,Wellness,Masstige,0,5,6.8,3209.0,1,0,7,0
TIRA01609,28,Female,Tier 1,₹3L-6L,Influencer,11,3187.0,80.0,Skincare,Premium,1,3,5.6,1912.0,0,0,16,0
TIRA01610,26,Female,Tier 1,₹6L-12L,Paid Ad,7,3200.0,9.4,Fragrance,Luxury,0,4,8.4,3049.0,1,1,22,1
TIRA01611,32,Female,Tier 1,₹12L-25L,Paid Ad,9,1081.0,27.6,Wellness,Premium,0,2,6.9,932.0,0,0,12,0
TIRA01612,27,Female,Tier 3,₹12L-25L,In-Store,6,3827.0,7.8,Fragrance,Premium,0,3,6.9,3678.0,1,0,34,0
TIRA01613,29,Female,Tier 2,₹12L-25L,App,10,4606.0,45.6,Skincare,Premium,1,4,5.8,3555.0,0,0,15,0
TIRA01614,30,Male,Tier 1,₹3L-6L,Word of Mouth,11,4424.0,59.6,Haircare,Premium,1,3,4.5,3107.0,0,0,35,0
TIRA01615,24,Female,Tier 2,₹12L-25L,In-Store,10,4341.0,37.3,Skincare,Masstige,1,6,6.9,3532.0,0,0,20,0
TIRA01616,34,Female,Tier 1,₹6L-12L,In-Store,6,3136.0,20.1,Skincare,Premium,0,2,4.4,2822.0,1,0,14,0
TIRA01617,53,Male,Tier 1,₹25L+,Paid Ad,7,3375.0,6.7,Skincare,Masstige,0,3,7.2,3262.0,1,1,4,1
TIRA01618,18,Male,Tier 1,₹12L-25L,App,13,4630.0,62.8,Skincare,Premium,1,3,6.4,3175.0,0,0,26,0
TIRA01619,32,Female,Tier 1,₹25L+,Paid Ad,5,4241.0,8.5,Wellness,Premium,0,5,8.5,4061.0,1,1,19,1
TIRA01620,23,Female,Tier 1,₹3L-6L,App,7,4984.0,31.4,Haircare,Masstige,1,2,5.1,4201.0,0,0,34,0
TIRA01621,34,Female,Tier 2,₹6L-12L,Influencer,12,2393.0,51.0,Skincare,Luxury,1,4,6.5,1783.0,0,0,34,0
TIRA01622,30,Female,Tier 1,₹12L-25L,Word of Mouth,6,2385.0,22.5,Makeup,Luxury,0,2,6.0,2117.0,1,0,19,0
TIRA01623,36,Female,Tier 3,₹6L-12L,Word of Mouth,10,2801.0,17.4,Makeup,Masstige,0,2,6.9,2558.0,1,0,9,0
TIRA01624,39,Female,Tier 2,₹12L-25L,Word of Mouth,8,2068.0,31.5,Skincare,Premium,1,3,7.5,1743.0,0,1,12,0
TIRA01625,31,Female,Tier 2,₹12L-25L,Paid Ad,4,1614.0,28.2,Skincare,Masstige,0,1,5.9,1386.0,0,0,3,0
TIRA01626,39,Female,Tier 2,₹25L+,App,6,3762.0,13.8,Makeup,Luxury,0,3,8.9,3502.0,1,1,6,1
TIRA01627,18,Female,Tier 3,₹6L-12L,Word of Mouth,5,3681.0,79.5,Fragrance,Premium,1,2,5.1,2218.0,0,0,15,0
TIRA01628,42,Female,Tier 1,₹25L+,Word of Mouth,6,3495.0,27.2,Skincare,Premium,0,6,7.4,3021.0,0,1,7,0
TIRA01629,33,Female,Tier 1,₹6L-12L,In-Store,3,3624.0,33.1,Fragrance,Luxury,1,4,7.8,3024.0,0,1,30,1
TIRA01630,38,Male,Tier 1,₹6L-12L,In-Store,9,1444.0,17.0,Makeup,Premium,0,4,8.2,1321.0,1,1,30,1
TIRA01631,20,Male,Tier 3,₹12L-25L,App,12,2624.0,40.2,Makeup,Luxury,1,5,7.2,2096.0,0,1,7,1
TIRA01632,23,Female,Tier 1,₹6L-12L,Influencer,5,2848.0,21.2,Skincare,Masstige,0,0,6.5,2546.0,1,0,10,0
TIRA01633,31,Female,Tier 2,₹25L+,Influencer,8,3258.0,22.2,Makeup,Masstige,0,4,6.0,2896.0,1,0,29,0
TIRA01634,29,Female,Tier 2,₹25L+,In-Store,7,1448.0,42.9,Makeup,Premium,1,2,6.0,1137.0,0,0,10,0
TIRA01635,32,Female,Tier 1,₹25L+,In-Store,6,2087.0,59.6,Skincare,Luxury,1,3,6.1,1465.0,0,0,10,0
TIRA01636,38,Male,Tier 3,₹25L+,Influencer,7,2676.0,20.5,Fragrance,Masstige,0,4,5.9,2402.0,1,0,27,0
TIRA01637,18,Female,Tier 1,₹12L-25L,App,10,4470.0,34.4,Makeup,Premium,1,1,7.2,3702.0,0,1,15,1
TIRA01638,37,Female,Tier 1,₹6L-12L,Word of Mouth,10,3514.0,36.7,Skincare,Luxury,1,1,6.9,2869.0,0,0,30,0
TIRA01639,30,Female,Tier 2,₹25L+,App,8,4426.0,35.3,Skincare,Masstige,1,2,6.4,3645.0,0,0,19,0
TIRA01640,28,Female,Tier 1,₹3L-6L,App,8,3053.0,15.4,Skincare,Premium,0,2,7.4,2819.0,1,1,8,1
TIRA01641,18,Female,Tier 1,₹12L-25L,App,12,3201.0,5.8,Luxury Tools,Masstige,0,4,7.8,3108.0,1,1,6,1
TIRA01642,34,Female,Tier 1,₹6L-12L,Paid Ad,8,3799.0,18.6,Skincare,Masstige,0,4,7.7,3445.0,1,1,25,1
TIRA01643,18,Non-binary,Tier 1,₹12L-25L,Paid Ad,5,2987.0,40.1,Makeup,Premium,1,3,7.1,2389.0,0,1,16,0
TIRA01644,35,Female,Tier 2,₹6L-12L,App,6,2450.0,56.3,Haircare,Luxury,1,0,8.6,1760.0,0,1,16,0
TIRA01645,18,Female,Tier 3,₹6L-12L,App,7,1412.0,8.8,Skincare,Masstige,0,3,7.8,1350.0,1,1,24,0
TIRA01646,30,Female,Tier 1,₹3L-6L,In-Store,2,2482.0,53.7,Makeup,Premium,1,7,5.2,1816.0,0,0,10,0
TIRA01647,29,Female,Tier 1,₹6L-12L,App,4,4203.0,11.0,Haircare,Premium,0,1,5.7,3971.0,1,0,35,0
TIRA01648,39,Female,Tier 1,₹6L-12L,Influencer,4,4713.0,66.6,Fragrance,Premium,1,1,3.9,3143.0,0,0,19,0
TIRA01649,28,Female,Tier 3,₹6L-12L,App,10,2272.0,29.8,Haircare,Premium,0,3,6.1,1934.0,0,0,31,0
TIRA01650,24,Male,Tier 2,₹6L-12L,In-Store,5,1120.0,45.9,Skincare,Premium,1,0,6.9,863.0,0,0,28,0
TIRA01651,25,Female,Tier 1,₹12L-25L,In-Store,9,4312.0,20.6,Skincare,Luxury,0,1,6.8,3867.0,1,0,22,0
TIRA01652,40,Female,Tier 1,₹6L-12L,In-Store,8,3283.0,60.5,Makeup,Luxury,1,0,6.0,2291.0,0,0,4,0
TIRA01653,34,Female,Tier 3,₹12L-25L,In-Store,9,1584.0,43.0,Makeup,Masstige,1,4,5.5,1243.0,0,0,26,0
TIRA01654,26,Female,Tier 3,₹3L-6L,App,10,500.0,37.8,Luxury Tools,Premium,1,5,6.9,406.0,0,0,3,0
TIRA01655,28,Female,Tier 1,₹12L-25L,App,5,2044.0,1.9,Skincare,Premium,0,3,8.8,2025.0,1,1,26,1
TIRA01656,18,Male,Tier 2,₹6L-12L,App,11,2644.0,26.8,Skincare,Premium,0,7,6.5,2290.0,0,0,32,0
TIRA01657,33,Female,Tier 1,₹12L-25L,App,6,1818.0,55.7,Makeup,Premium,1,0,6.2,1312.0,0,0,19,0
TIRA01658,18,Female,Tier 1,₹12L-25L,Word of Mouth,11,4030.0,15.8,Skincare,Luxury,0,3,6.9,3711.0,1,0,34,1
TIRA01659,36,Female,Tier 2,₹12L-25L,App,6,2225.0,40.0,Makeup,Luxury,1,0,5.2,1779.0,0,0,22,0
TIRA01660,31,Female,Tier 1,₹6L-12L,In-Store,5,3215.0,19.0,Skincare,Premium,0,3,7.8,2909.0,1,1,19,1
TIRA01661,49,Female,Tier 1,₹12L-25L,App,6,6048.0,14.4,Fragrance,Masstige,0,5,7.8,5614.0,1,1,19,1
TIRA01662,21,Female,Tier 3,₹6L-12L,Paid Ad,6,3341.0,10.9,Skincare,Premium,0,0,8.2,3158.0,1,1,6,1
TIRA01663,29,Female,Tier 2,₹6L-12L,Word of Mouth,4,3061.0,25.2,Makeup,Premium,0,1,7.9,2675.0,0,1,3,1
TIRA01664,44,Female,Tier 1,₹6L-12L,Paid Ad,7,3088.0,27.9,Makeup,Premium,0,4,6.6,2657.0,0,0,3,0
TIRA01665,39,Male,Tier 2,₹12L-25L,Influencer,6,4003.0,51.7,Skincare,Luxury,1,1,5.8,2968.0,0,0,32,0
TIRA01666,24,Male,Tier 2,₹6L-12L,Paid Ad,7,3854.0,14.5,Makeup,Luxury,0,1,7.1,3575.0,1,1,6,1
TIRA01667,31,Male,Tier 2,₹12L-25L,In-Store,9,1996.0,52.7,Makeup,Luxury,1,1,6.2,1470.0,0,0,23,0
TIRA01668,30,Non-binary,Tier 3,₹6L-12L,Paid Ad,10,2707.0,5.2,Fragrance,Premium,0,4,7.7,2636.0,1,1,10,1
TIRA01669,32,Male,Tier 2,₹6L-12L,Paid Ad,11,2399.0,7.0,Makeup,Premium,0,3,7.8,2316.0,1,1,14,1
TIRA01670,24,Male,Tier 1,₹6L-12L,App,8,2861.0,22.7,Makeup,Premium,0,4,6.4,2536.0,1,0,24,0
TIRA01671,29,Male,Tier 1,₹3L-6L,In-Store,8,5392.0,4.5,Makeup,Luxury,0,2,6.8,5271.0,1,0,31,1
TIRA01672,18,Male,Tier 2,₹12L-25L,App,13,3941.0,14.0,Makeup,Premium,0,1,6.5,3666.0,1,0,4,1
TIRA01673,31,Male,Tier 3,₹12L-25L,App,8,3104.0,52.9,Haircare,Masstige,1,1,6.3,2283.0,0,0,19,0
TIRA01674,33,Male,Tier 1,₹12L-25L,Paid Ad,6,4693.0,14.6,Skincare,Masstige,0,2,7.4,4351.0,1,1,5,1
TIRA01675,28,Female,Tier 1,₹6L-12L,App,7,3426.0,44.6,Makeup,Luxury,1,1,5.7,2662.0,0,0,8,0
TIRA01676,18,Female,Tier 2,₹6L-12L,Influencer,6,1234.0,25.8,Luxury Tools,Premium,0,3,7.6,1075.0,0,1,25,0
TIRA01677,37,Female,Tier 1,₹25L+,Word of Mouth,5,5197.0,27.0,Makeup,Luxury,0,5,8.4,4495.0,0,1,2,1
TIRA01678,32,Male,Tier 1,₹3L-6L,In-Store,7,3012.0,6.7,Makeup,Premium,0,6,7.2,2912.0,1,1,10,1
TIRA01679,24,Female,Tier 3,₹6L-12L,In-Store,8,500.0,28.6,Haircare,Masstige,0,0,5.8,428.0,0,0,20,0
TIRA01680,27,Male,Tier 2,₹25L+,Influencer,11,1280.0,20.6,Makeup,Luxury,0,1,8.1,1149.0,1,1,8,0
TIRA01681,18,Male,Tier 3,₹6L-12L,Paid Ad,3,4553.0,41.1,Makeup,Luxury,1,1,6.4,3618.0,0,0,14,0
TIRA01682,21,Non-binary,Tier 2,₹3L-6L,App,7,1300.0,80.0,Skincare,Masstige,1,4,4.6,780.0,0,0,21,0
TIRA01683,25,Female,Tier 1,₹6L-12L,App,9,4819.0,40.5,Skincare,Masstige,1,2,7.4,3844.0,0,1,32,0
TIRA01684,39,Female,Tier 3,₹12L-25L,Influencer,9,3297.0,23.4,Skincare,Premium,0,2,6.8,2911.0,1,0,3,0
TIRA01685,24,Male,Tier 1,₹6L-12L,Word of Mouth,11,4057.0,38.6,Haircare,Masstige,1,4,6.9,3275.0,0,0,18,0
TIRA01686,35,Male,Tier 1,₹12L-25L,App,4,2892.0,21.8,Makeup,Premium,0,4,7.3,2576.0,1,1,23,0
TIRA01687,25,Male,Tier 3,₹6L-12L,In-Store,17,3828.0,49.9,Luxury Tools,Luxury,1,2,9.2,2872.0,0,1,17,1
TIRA01688,31,Female,Tier 2,₹6L-12L,Word of Mouth,8,3580.0,17.2,Skincare,Masstige,0,1,7.2,3271.0,1,1,1,1
TIRA01689,28,Female,Tier 3,₹6L-12L,App,8,3154.0,33.8,Skincare,Premium,1,5,7.6,2621.0,0,1,27,1
TIRA01690,36,Female,Tier 1,₹12L-25L,App,6,1921.0,41.8,Haircare,Masstige,1,3,6.1,1520.0,0,0,9,0
TIRA01691,25,Non-binary,Tier 3,₹6L-12L,Influencer,10,3630.0,16.5,Skincare,Premium,0,7,7.8,3331.0,1,1,4,1
TIRA01692,18,Female,Tier 2,₹12L-25L,App,7,1020.0,1.9,Makeup,Premium,0,5,7.7,1010.0,1,1,16,1
TIRA01693,18,Male,Tier 2,₹6L-12L,App,12,4318.0,23.6,Skincare,Masstige,0,4,7.9,3809.0,1,1,7,0
TIRA01694,25,Male,Tier 3,₹3L-6L,Influencer,6,3436.0,67.8,Skincare,Luxury,1,1,5.2,2271.0,0,0,23,0
TIRA01695,20,Female,Tier 1,₹6L-12L,Influencer,7,3757.0,26.1,Makeup,Luxury,0,5,7.5,3267.0,0,1,19,1
TIRA01696,33,Female,Tier 2,₹12L-25L,In-Store,10,500.0,21.4,Makeup,Premium,0,2,6.4,446.0,1,0,8,0
TIRA01697,26,Female,Tier 2,₹6L-12L,In-Store,9,1849.0,58.7,Skincare,Luxury,1,0,4.9,1306.0,0,0,33,0
TIRA01698,48,Male,Tier 2,₹12L-25L,Influencer,6,2593.0,28.3,Skincare,Masstige,0,0,5.0,2226.0,0,0,31,0
TIRA01699,18,Female,Tier 3,₹25L+,Influencer,9,4008.0,5.1,Skincare,Premium,0,7,8.2,3906.0,1,1,12,1
TIRA01700,31,Female,Tier 2,₹12L-25L,Paid Ad,10,2069.0,30.6,Skincare,Luxury,1,6,6.1,1752.0,0,0,33,0
TIRA01701,20,Female,Tier 1,₹12L-25L,Paid Ad,19,6258.0,34.5,Wellness,Premium,1,4,8.8,5179.0,0,1,12,1
TIRA01702,26,Female,Tier 1,₹12L-25L,Influencer,7,2884.0,43.4,Haircare,Luxury,1,2,5.8,2258.0,0,0,17,0
TIRA01703,31,Male,Tier 3,₹12L-25L,Paid Ad,8,1981.0,27.7,Skincare,Premium,0,3,8.1,1706.0,0,1,20,0
TIRA01704,18,Female,Tier 3,₹6L-12L,Paid Ad,3,2976.0,38.6,Makeup,Luxury,1,3,7.6,2401.0,0,1,10,1
TIRA01705,31,Female,Tier 3,₹12L-25L,App,8,2059.0,17.9,Skincare,Masstige,0,6,7.0,1875.0,1,1,22,0
TIRA01706,45,Female,Tier 1,₹25L+,Word of Mouth,3,1779.0,54.9,Skincare,Masstige,1,2,5.1,1291.0,0,0,4,0
TIRA01707,26,Female,Tier 1,₹6L-12L,Paid Ad,9,4413.0,15.9,Luxury Tools,Premium,0,1,7.2,4063.0,1,1,22,1
TIRA01708,32,Female,Tier 2,₹25L+,In-Store,10,3816.0,31.2,Skincare,Luxury,1,0,7.9,3220.0,0,1,33,1
TIRA01709,38,Male,Tier 2,₹12L-25L,App,5,3819.0,31.8,Fragrance,Masstige,1,3,9.0,3211.0,0,1,12,0
TIRA01710,28,Female,Tier 1,₹6L-12L,Influencer,2,4732.0,3.6,Fragrance,Masstige,0,3,6.6,4648.0,1,0,5,0
TIRA01711,25,Female,Tier 2,₹25L+,In-Store,5,3784.0,25.2,Haircare,Luxury,0,5,7.0,3307.0,0,1,21,1
TIRA01712,18,Female,Tier 1,₹3L-6L,Influencer,3,1919.0,48.1,Makeup,Premium,1,3,5.5,1457.0,0,0,11,0
TIRA01713,35,Female,Tier 1,₹3L-6L,In-Store,9,4050.0,41.5,Skincare,Premium,1,3,6.0,3210.0,0,0,27,0
TIRA01714,29,Male,Tier 1,₹6L-12L,App,9,1848.0,44.1,Fragrance,Masstige,1,2,7.9,1441.0,0,1,12,0
TIRA01715,21,Female,Tier 1,₹12L-25L,App,7,2626.0,23.3,Fragrance,Luxury,0,1,6.3,2320.0,1,0,3,0
TIRA01716,31,Non-binary,Tier 1,₹6L-12L,Paid Ad,5,3145.0,53.6,Makeup,Luxury,1,2,4.2,2302.0,0,0,10,0
TIRA01717,25,Female,Tier 3,₹25L+,App,3,3023.0,50.6,Skincare,Premium,1,6,6.2,2259.0,0,0,29,0
TIRA01718,25,Female,Tier 2,₹6L-12L,Influencer,9,1051.0,39.6,Skincare,Masstige,1,2,6.8,843.0,0,0,1,0
TIRA01719,34,Female,Tier 3,₹6L-12L,App,6,2039.0,37.1,Skincare,Premium,1,1,6.1,1661.0,0,0,32,0
TIRA01720,19,Female,Tier 1,₹12L-25L,In-Store,3,3173.0,43.4,Skincare,Premium,1,2,5.6,2484.0,0,0,8,0
TIRA01721,38,Male,Tier 1,₹3L-6L,In-Store,7,2467.0,6.4,Makeup,Luxury,0,2,7.9,2388.0,1,1,10,1
TIRA01722,18,Female,Tier 1,₹12L-25L,App,4,4552.0,37.9,Fragrance,Luxury,1,4,5.1,3689.0,0,0,27,0
TIRA01723,24,Female,Tier 2,₹6L-12L,Influencer,7,4757.0,36.2,Haircare,Luxury,1,3,7.0,3896.0,0,0,33,0
TIRA01724,45,Female,Tier 1,₹25L+,Influencer,9,1856.0,2.4,Makeup,Premium,0,2,7.6,1833.0,1,1,8,1
TIRA01725,39,Female,Tier 2,₹12L-25L,App,4,3272.0,36.0,Haircare,Masstige,1,2,7.9,2683.0,0,1,32,0
TIRA01726,30,Male,Tier 2,₹3L-6L,In-Store,11,5099.0,38.7,Haircare,Luxury,1,3,6.8,4113.0,0,0,27,0
TIRA01727,22,Non-binary,Tier 3,₹3L-6L,Influencer,17,3039.0,38.4,Makeup,Premium,1,2,6.3,2456.0,0,0,1,0
TIRA01728,25,Female,Tier 1,₹3L-6L,Influencer,3,2712.0,28.2,Fragrance,Masstige,0,4,6.6,2329.0,0,0,15,0
TIRA01729,30,Male,Tier 1,₹25L+,In-Store,4,4232.0,6.0,Skincare,Luxury,0,1,5.8,4106.0,1,0,9,1
TIRA01730,30,Male,Tier 1,₹12L-25L,Paid Ad,9,2871.0,13.6,Luxury Tools,Masstige,0,2,7.3,2675.0,1,1,3,0
TIRA01731,29,Female,Tier 1,₹6L-12L,App,10,4725.0,17.4,Skincare,Premium,0,2,7.1,4313.0,1,1,33,1
TIRA01732,29,Female,Tier 2,₹6L-12L,App,6,2486.0,27.7,Haircare,Premium,0,2,6.9,2142.0,0,0,29,0
TIRA01733,28,Female,Tier 1,₹25L+,Influencer,13,2630.0,17.9,Makeup,Masstige,0,1,7.1,2395.0,1,1,31,1
TIRA01734,18,Male,Tier 2,₹6L-12L,Influencer,9,4148.0,32.6,Makeup,Luxury,1,5,8.1,3472.0,0,1,23,1
TIRA01735,25,Non-binary,Tier 1,₹12L-25L,Paid Ad,7,3321.0,46.2,Makeup,Premium,1,1,5.9,2554.0,0,0,26,0
TIRA01736,37,Female,Tier 3,₹12L-25L,App,12,3330.0,43.3,Skincare,Premium,1,4,5.4,2608.0,0,0,22,0
TIRA01737,19,Male,Tier 3,₹6L-12L,In-Store,5,909.0,18.3,Haircare,Luxury,0,3,5.6,826.0,1,0,2,0
TIRA01738,28,Male,Tier 1,₹12L-25L,Influencer,9,2776.0,20.7,Makeup,Luxury,0,7,6.7,2489.0,1,0,6,0
TIRA01739,23,Female,Tier 3,₹6L-12L,App,7,4237.0,26.4,Makeup,Premium,0,2,5.9,3677.0,0,0,32,0
TIRA01740,30,Female,Tier 1,₹6L-12L,In-Store,8,2260.0,44.7,Fragrance,Premium,1,3,4.9,1754.0,0,0,22,0
TIRA01741,26,Male,Tier 2,₹25L+,Influencer,5,4041.0,37.4,Makeup,Premium,1,3,6.2,3285.0,0,0,12,0
TIRA01742,41,Non-binary,Tier 3,₹12L-25L,App,7,3522.0,80.0,Fragrance,Luxury,1,1,5.9,2113.0,0,0,28,0
TIRA01743,34,Female,Tier 2,₹12L-25L,In-Store,7,2960.0,64.8,Skincare,Premium,1,4,6.3,2002.0,0,0,19,0
TIRA01744,19,Female,Tier 2,₹12L-25L,App,6,4829.0,20.4,Skincare,Premium,0,4,5.9,4337.0,1,0,35,0
TIRA01745,35,Female,Tier 1,₹6L-12L,Word of Mouth,9,2792.0,17.3,Skincare,Masstige,0,3,7.3,2551.0,1,1,18,0
TIRA01746,23,Female,Tier 2,₹12L-25L,App,8,2876.0,41.2,Fragrance,Luxury,1,2,6.8,2284.0,0,0,24,0
TIRA01747,25,Female,Tier 2,₹12L-25L,App,10,2947.0,10.9,Fragrance,Luxury,0,1,8.1,2786.0,1,1,35,1
TIRA01748,32,Female,Tier 1,₹6L-12L,App,15,3297.0,39.5,Fragrance,Masstige,1,3,8.0,2645.0,0,1,16,0
TIRA01749,26,Female,Tier 1,₹6L-12L,App,2,4120.0,24.2,Makeup,Premium,0,2,5.9,3622.0,1,0,33,0
TIRA01750,37,Female,Tier 2,₹12L-25L,App,9,1433.0,20.7,Skincare,Premium,0,3,6.3,1285.0,1,0,29,0
TIRA01751,23,Female,Tier 2,₹12L-25L,Influencer,9,4242.0,4.5,Makeup,Masstige,0,5,7.2,4147.0,1,1,2,1
TIRA01752,25,Female,Tier 1,₹6L-12L,App,12,3282.0,46.6,Makeup,Masstige,1,4,6.5,2518.0,0,0,2,0
TIRA01753,24,Male,Tier 3,₹25L+,App,9,3865.0,7.8,Skincare,Luxury,0,4,5.0,3715.0,1,0,4,1
TIRA01754,25,Female,Tier 2,₹6L-12L,App,5,6070.0,27.7,Haircare,Masstige,0,6,6.7,5231.0,0,0,15,0
TIRA01755,38,Female,Tier 1,₹6L-12L,In-Store,11,2586.0,22.0,Fragrance,Premium,0,4,5.3,2301.0,1,0,29,0
TIRA01756,35,Female,Tier 1,₹6L-12L,App,8,1730.0,14.3,Skincare,Luxury,0,10,7.4,1607.0,1,1,26,1
TIRA01757,43,Female,Tier 2,₹12L-25L,Influencer,13,3433.0,21.5,Haircare,Masstige,0,3,9.2,3064.0,1,1,26,0
TIRA01758,48,Female,Tier 2,₹6L-12L,Influencer,8,3623.0,25.2,Makeup,Premium,0,3,7.9,3166.0,0,1,13,1
TIRA01759,21,Female,Tier 2,₹6L-12L,Influencer,8,4246.0,38.9,Skincare,Luxury,1,3,5.2,3420.0,0,0,2,0
TIRA01760,30,Female,Tier 1,₹6L-12L,App,9,2554.0,27.8,Skincare,Luxury,0,2,6.5,2199.0,0,0,3,0
TIRA01761,20,Female,Tier 2,₹12L-25L,Paid Ad,4,2204.0,55.0,Makeup,Masstige,1,2,4.9,1598.0,0,0,5,0
TIRA01762,23,Female,Tier 2,₹12L-25L,Influencer,6,1360.0,39.8,Haircare,Masstige,1,4,7.7,1090.0,0,1,4,0
TIRA01763,24,Female,Tier 2,₹6L-12L,App,9,1559.0,16.3,Makeup,Luxury,0,1,5.1,1432.0,1,0,34,0
TIRA01764,21,Male,Tier 1,₹25L+,In-Store,10,2701.0,30.4,Skincare,Masstige,1,1,6.3,2290.0,0,0,6,0
TIRA01765,21,Male,Tier 2,₹3L-6L,Paid Ad,5,3060.0,12.1,Skincare,Premium,0,4,6.8,2875.0,1,0,12,0
TIRA01766,28,Female,Tier 1,₹3L-6L,In-Store,10,5678.0,27.7,Haircare,Masstige,0,2,5.7,4891.0,0,0,30,0
TIRA01767,20,Female,Tier 1,₹12L-25L,In-Store,16,1169.0,25.5,Makeup,Luxury,0,4,8.6,1020.0,0,1,8,0
TIRA01768,36,Female,Tier 2,₹12L-25L,Influencer,5,3602.0,6.8,Haircare,Premium,0,5,6.2,3480.0,1,0,26,0
TIRA01769,22,Female,Tier 2,₹6L-12L,App,7,2329.0,16.6,Skincare,Premium,0,4,6.1,2136.0,1,0,17,0
TIRA01770,52,Female,Tier 1,₹12L-25L,Word of Mouth,12,3467.0,45.5,Haircare,Luxury,1,4,7.8,2679.0,0,1,27,1
TIRA01771,26,Female,Tier 2,₹6L-12L,App,3,2536.0,42.4,Skincare,Masstige,1,5,6.2,1998.0,0,0,11,0
TIRA01772,30,Female,Tier 1,₹12L-25L,App,5,4442.0,19.5,Skincare,Premium,0,8,7.0,4010.0,1,1,32,1
TIRA01773,19,Female,Tier 1,₹12L-25L,App,6,4435.0,65.2,Makeup,Luxury,1,1,4.8,2989.0,0,0,26,0
TIRA01774,43,Female,Tier 1,₹25L+,In-Store,9,3064.0,44.4,Haircare,Premium,1,5,6.2,2384.0,0,0,11,0
TIRA01775,38,Male,Tier 1,₹6L-12L,Paid Ad,7,4927.0,38.8,Luxury Tools,Masstige,1,2,6.0,3970.0,0,0,24,0
TIRA01776,32,Male,Tier 2,₹12L-25L,Paid Ad,7,4112.0,10.2,Wellness,Luxury,0,1,6.9,3901.0,1,0,27,1
TIRA01777,19,Female,Tier 2,₹12L-25L,Word of Mouth,10,4871.0,15.3,Makeup,Masstige,0,7,6.0,4498.0,1,0,35,0
TIRA01778,31,Female,Tier 2,₹6L-12L,In-Store,7,3148.0,16.1,Makeup,Premium,0,2,7.4,2894.0,1,1,13,1
TIRA01779,21,Female,Tier 1,₹6L-12L,In-Store,7,4342.0,4.9,Makeup,Masstige,0,0,7.2,4236.0,1,1,35,1
TIRA01780,41,Male,Tier 1,₹25L+,In-Store,10,2278.0,30.5,Makeup,Premium,1,3,6.3,1930.0,0,0,28,0
TIRA01781,36,Female,Tier 1,₹6L-12L,App,4,2156.0,12.0,Skincare,Masstige,0,3,8.2,2027.0,1,1,16,1
TIRA01782,30,Female,Tier 2,₹12L-25L,Word of Mouth,9,5816.0,45.1,Haircare,Masstige,1,2,5.7,4504.0,0,0,25,0
TIRA01783,18,Female,Tier 1,₹3L-6L,In-Store,11,1897.0,44.8,Wellness,Premium,1,4,6.1,1472.0,0,0,20,0
TIRA01784,22,Male,Tier 1,₹12L-25L,In-Store,3,2677.0,43.7,Skincare,Masstige,1,3,7.9,2091.0,0,1,35,0
TIRA01785,35,Female,Tier 2,₹6L-12L,In-Store,10,922.0,16.4,Skincare,Luxury,0,5,7.7,847.0,1,1,3,1
TIRA01786,39,Female,Tier 2,₹25L+,Paid Ad,4,2185.0,37.3,Skincare,Premium,1,1,6.0,1778.0,0,0,27,0
TIRA01787,38,Female,Tier 1,₹12L-25L,App,8,2007.0,53.2,Makeup,Premium,1,2,4.8,1473.0,0,0,30,0
TIRA01788,18,Female,Tier 1,₹3L-6L,Influencer,6,2396.0,32.8,Makeup,Masstige,1,4,6.6,2003.0,0,0,1,0
TIRA01789,32,Female,Tier 2,₹12L-25L,Influencer,17,3560.0,33.0,Makeup,Luxury,1,5,7.5,2973.0,0,1,18,1
TIRA01790,38,Female,Tier 1,₹12L-25L,Paid Ad,6,3849.0,32.8,Makeup,Premium,1,4,6.1,3218.0,0,0,25,0
TIRA01791,18,Female,Tier 1,₹6L-12L,App,11,1992.0,44.0,Fragrance,Premium,1,2,6.2,1554.0,0,0,30,0
TIRA01792,29,Female,Tier 3,₹6L-12L,App,8,2252.0,36.0,Skincare,Masstige,1,2,5.9,1847.0,0,0,4,0
TIRA01793,32,Female,Tier 1,₹12L-25L,In-Store,12,4500.0,20.1,Haircare,Luxury,0,2,6.8,4049.0,1,0,10,0
TIRA01794,27,Male,Tier 1,₹12L-25L,Paid Ad,6,5246.0,8.1,Fragrance,Premium,0,9,6.4,5035.0,1,0,20,1
TIRA01795,18,Female,Tier 1,₹6L-12L,Word of Mouth,6,4707.0,16.6,Makeup,Masstige,0,3,7.5,4316.0,1,1,23,1
TIRA01796,27,Female,Tier 1,₹25L+,Influencer,10,1224.0,3.3,Skincare,Masstige,0,4,8.0,1204.0,1,1,6,0
TIRA01797,27,Female,Tier 1,₹6L-12L,App,5,4627.0,44.8,Luxury Tools,Premium,1,6,7.6,3591.0,0,1,29,0
TIRA01798,28,Female,Tier 1,₹3L-6L,App,7,5424.0,6.1,Makeup,Masstige,0,1,7.8,5259.0,1,1,18,1
TIRA01799,25,Female,Tier 2,₹12L-25L,Influencer,11,1165.0,38.3,Skincare,Premium,1,5,5.7,942.0,0,0,15,0
TIRA01800,26,Non-binary,Tier 1,₹3L-6L,App,8,4499.0,73.9,Skincare,Premium,1,4,6.4,2837.0,0,0,28,0
TIRA01801,29,Female,Tier 3,₹6L-12L,Influencer,7,3470.0,75.4,Fragrance,Premium,1,6,5.3,2161.0,0,0,18,0
TIRA01802,33,Male,Tier 3,₹12L-25L,Paid Ad,8,2807.0,28.2,Skincare,Luxury,0,2,7.0,2412.0,0,0,11,0
TIRA01803,27,Female,Tier 1,₹6L-12L,In-Store,3,3327.0,10.3,Makeup,Premium,0,2,7.5,3156.0,1,1,16,1
TIRA01804,26,Female,Tier 1,₹6L-12L,In-Store,8,3732.0,40.7,Haircare,Masstige,1,3,6.5,2973.0,0,0,6,0
TIRA01805,30,Female,Tier 2,₹12L-25L,App,5,4589.0,10.9,Makeup,Premium,0,3,6.6,4338.0,1,0,30,0
TIRA01806,18,Female,Tier 3,₹12L-25L,App,5,4527.0,17.0,Haircare,Luxury,0,4,7.2,4142.0,1,1,12,1
TIRA01807,33,Female,Tier 3,₹12L-25L,Influencer,13,1392.0,54.7,Skincare,Luxury,1,5,5.5,1011.0,0,0,13,0
TIRA01808,29,Female,Tier 1,₹12L-25L,In-Store,11,2422.0,37.7,Haircare,Luxury,1,4,6.8,1965.0,0,0,7,0
TIRA01809,30,Female,Tier 1,₹6L-12L,App,6,3312.0,63.0,Skincare,Luxury,1,4,6.5,2269.0,0,0,14,0
TIRA01810,37,Female,Tier 1,₹6L-12L,App,10,5087.0,17.7,Skincare,Masstige,0,2,8.2,4638.0,1,1,7,1
TIRA01811,18,Female,Tier 2,₹12L-25L,App,3,500.0,23.6,Skincare,Masstige,0,4,7.5,441.0,1,1,2,0
TIRA01812,18,Male,Tier 2,₹6L-12L,Influencer,16,2467.0,19.9,Makeup,Masstige,0,5,5.4,2221.0,1,0,25,0
TIRA01813,32,Female,Tier 1,₹6L-12L,Influencer,21,1367.0,10.1,Skincare,Masstige,0,6,7.1,1298.0,1,1,14,0
TIRA01814,29,Female,Tier 2,₹12L-25L,In-Store,8,1557.0,22.3,Makeup,Luxury,0,4,5.2,1383.0,1,0,25,0
TIRA01815,31,Female,Tier 1,₹12L-25L,In-Store,9,4383.0,20.2,Skincare,Masstige,0,1,8.2,3940.0,1,1,8,0
TIRA01816,26,Female,Tier 2,₹12L-25L,App,9,2562.0,13.5,Makeup,Premium,0,5,7.3,2388.0,1,1,19,1
TIRA01817,35,Female,Tier 1,₹3L-6L,In-Store,8,500.0,43.8,Skincare,Masstige,1,0,6.0,391.0,0,0,8,0
TIRA01818,37,Female,Tier 2,₹3L-6L,App,6,3010.0,11.2,Makeup,Luxury,0,3,6.8,2842.0,1,0,9,1
TIRA01819,33,Female,Tier 2,₹6L-12L,Word of Mouth,12,5643.0,17.9,Fragrance,Luxury,0,3,8.5,5138.0,1,1,34,1
TIRA01820,27,Male,Tier 2,₹12L-25L,App,11,1032.0,31.8,Skincare,Luxury,1,3,6.8,868.0,0,0,19,0
TIRA01821,18,Female,Tier 1,₹6L-12L,In-Store,4,3840.0,72.9,Haircare,Premium,1,3,4.9,2440.0,0,0,1,0
TIRA01822,36,Female,Tier 2,₹3L-6L,App,6,5081.0,25.7,Makeup,Luxury,0,5,7.0,4429.0,0,1,34,1
TIRA01823,39,Female,Tier 2,₹6L-12L,Paid Ad,14,3141.0,5.6,Skincare,Luxury,0,1,7.9,3053.0,1,1,29,1
TIRA01824,35,Female,Tier 1,₹12L-25L,App,11,5514.0,41.6,Skincare,Premium,1,1,6.1,4366.0,0,0,14,0
TIRA01825,22,Female,Tier 1,₹12L-25L,Word of Mouth,9,2408.0,18.0,Skincare,Premium,0,6,8.5,2191.0,1,1,9,1
TIRA01826,35,Female,Tier 2,₹3L-6L,App,5,4935.0,54.5,Haircare,Premium,1,0,7.0,3590.0,0,1,15,1
TIRA01827,36,Female,Tier 1,₹3L-6L,Paid Ad,11,4652.0,71.9,Skincare,Premium,1,3,5.1,2981.0,0,0,28,0
TIRA01828,42,Female,Tier 1,₹6L-12L,Influencer,13,3161.0,9.6,Wellness,Luxury,0,1,6.8,3009.0,1,0,18,1
TIRA01829,22,Female,Tier 1,₹3L-6L,App,6,1415.0,28.0,Haircare,Premium,0,5,7.1,1217.0,0,1,7,0
TIRA01830,28,Non-binary,Tier 1,₹12L-25L,App,4,1998.0,55.0,Makeup,Masstige,1,8,5.1,1448.0,0,0,7,0
TIRA01831,35,Female,Tier 1,₹3L-6L,In-Store,9,500.0,24.6,Wellness,Masstige,0,6,8.4,438.0,1,1,35,0
TIRA01832,30,Female,Tier 2,₹12L-25L,Paid Ad,7,3913.0,31.5,Skincare,Luxury,1,4,8.2,3297.0,0,1,9,1
TIRA01833,21,Non-binary,Tier 1,₹12L-25L,Paid Ad,11,3769.0,30.8,Haircare,Premium,1,4,7.4,3189.0,0,1,21,1
TIRA01834,33,Female,Tier 2,₹25L+,App,6,3295.0,0.1,Skincare,Luxury,0,6,6.8,3294.0,1,0,25,1
TIRA01835,34,Female,Tier 1,₹25L+,In-Store,8,3053.0,35.7,Makeup,Premium,1,3,6.0,2508.0,0,0,6,0
TIRA01836,30,Female,Tier 1,₹6L-12L,App,8,4829.0,30.1,Skincare,Masstige,1,3,6.5,4102.0,0,0,6,0
TIRA01837,31,Male,Tier 1,₹3L-6L,App,11,3557.0,49.2,Fragrance,Premium,1,2,5.1,2682.0,0,0,11,0
TIRA01838,27,Female,Tier 2,₹6L-12L,Influencer,9,2534.0,21.0,Makeup,Masstige,0,4,6.8,2268.0,1,0,22,0
TIRA01839,41,Female,Tier 3,₹12L-25L,In-Store,13,3377.0,38.7,Makeup,Premium,1,1,6.6,2723.0,0,0,30,0
TIRA01840,22,Non-binary,Tier 1,₹3L-6L,App,6,5657.0,80.0,Luxury Tools,Premium,1,2,5.3,3394.0,0,0,14,0
TIRA01841,25,Female,Tier 1,₹6L-12L,Paid Ad,11,3947.0,2.8,Skincare,Premium,0,4,9.1,3892.0,1,1,10,1
TIRA01842,30,Non-binary,Tier 1,₹6L-12L,Influencer,12,2732.0,50.6,Wellness,Premium,1,2,5.9,2041.0,0,0,11,0
TIRA01843,37,Male,Tier 1,₹6L-12L,Paid Ad,7,3147.0,16.1,Makeup,Premium,0,2,7.0,2893.0,1,0,28,0
TIRA01844,18,Male,Tier 2,₹12L-25L,App,12,3756.0,17.7,Fragrance,Luxury,0,2,5.9,3424.0,1,0,20,1
TIRA01845,19,Female,Tier 1,₹12L-25L,Word of Mouth,7,2695.0,25.1,Makeup,Masstige,0,1,7.3,2357.0,0,1,22,0
TIRA01846,18,Female,Tier 3,₹12L-25L,Influencer,13,2589.0,66.7,Fragrance,Luxury,1,8,4.8,1726.0,0,0,8,0
TIRA01847,30,Female,Tier 2,₹25L+,In-Store,2,3186.0,21.7,Fragrance,Premium,0,1,6.9,2840.0,1,0,23,0
TIRA01848,21,Female,Tier 1,₹3L-6L,App,6,5023.0,8.5,Makeup,Premium,0,5,7.0,4810.0,1,1,11,1
TIRA01849,26,Female,Tier 2,₹3L-6L,Paid Ad,9,4149.0,72.4,Haircare,Masstige,1,2,4.5,2648.0,0,0,32,0
TIRA01850,35,Male,Tier 1,₹6L-12L,In-Store,12,2709.0,39.1,Wellness,Masstige,1,3,7.1,2179.0,0,1,19,0
TIRA01851,24,Female,Tier 2,₹12L-25L,Paid Ad,6,4243.0,33.6,Haircare,Premium,1,4,6.5,3531.0,0,0,6,0
TIRA01852,31,Female,Tier 1,₹12L-25L,Influencer,7,3210.0,15.2,Wellness,Luxury,0,2,8.9,2966.0,1,1,24,1
TIRA01853,27,Female,Tier 2,₹3L-6L,Paid Ad,8,3614.0,9.4,Haircare,Premium,0,4,6.4,3443.0,1,0,1,1
TIRA01854,35,Female,Tier 1,₹25L+,Influencer,5,3504.0,45.3,Skincare,Masstige,1,3,7.4,2711.0,0,1,30,0
TIRA01855,33,Female,Tier 1,₹6L-12L,Word of Mouth,6,668.0,8.6,Fragrance,Luxury,0,3,7.1,639.0,1,1,15,1
TIRA01856,24,Female,Tier 2,₹6L-12L,App,3,500.0,35.0,Haircare,Luxury,1,2,6.5,413.0,0,0,29,0
TIRA01857,28,Male,Tier 1,₹12L-25L,App,6,3472.0,27.7,Skincare,Premium,0,2,7.3,2991.0,0,1,33,0
TIRA01858,38,Female,Tier 1,₹25L+,Influencer,11,2177.0,27.0,Skincare,Masstige,0,5,7.9,1882.0,0,1,18,0
TIRA01859,33,Female,Tier 2,₹12L-25L,In-Store,3,1233.0,17.4,Skincare,Premium,0,5,8.3,1126.0,1,1,4,1
TIRA01860,18,Female,Tier 1,₹25L+,Influencer,9,2214.0,34.7,Haircare,Luxury,1,3,7.6,1829.0,0,1,3,0
TIRA01861,35,Female,Tier 3,₹6L-12L,Influencer,7,4310.0,27.5,Fragrance,Masstige,0,4,6.6,3717.0,0,0,12,0
TIRA01862,21,Male,Tier 2,₹12L-25L,In-Store,13,3629.0,24.0,Fragrance,Masstige,0,0,8.8,3193.0,1,1,7,0
TIRA01863,41,Male,Tier 2,₹12L-25L,Paid Ad,10,4126.0,27.1,Skincare,Premium,0,5,7.5,3568.0,0,1,25,0
TIRA01864,38,Female,Tier 1,₹12L-25L,In-Store,10,3744.0,46.2,Skincare,Premium,1,5,3.1,2879.0,0,0,1,0
TIRA01865,32,Male,Tier 1,₹6L-12L,Paid Ad,6,2097.0,38.6,Skincare,Masstige,1,3,6.4,1692.0,0,0,25,0
TIRA01866,31,Female,Tier 3,₹25L+,App,6,4132.0,6.8,Haircare,Premium,0,1,7.3,3991.0,1,1,7,1
TIRA01867,28,Female,Tier 1,₹3L-6L,Influencer,12,3903.0,68.6,Fragrance,Luxury,1,2,4.9,2564.0,0,0,5,0
TIRA01868,35,Male,Tier 1,₹6L-12L,Paid Ad,9,3059.0,38.2,Fragrance,Luxury,1,3,7.1,2475.0,0,1,2,1
TIRA01869,27,Female,Tier 1,₹25L+,App,11,3271.0,64.8,Skincare,Masstige,1,3,5.7,2211.0,0,0,29,0
TIRA01870,31,Female,Tier 1,₹25L+,In-Store,8,4151.0,13.4,Haircare,Luxury,0,3,6.7,3874.0,1,0,26,1
TIRA01871,36,Female,Tier 2,₹25L+,In-Store,10,2301.0,7.0,Haircare,Premium,0,4,9.2,2220.0,1,1,32,1
TIRA01872,25,Female,Tier 2,₹25L+,Influencer,8,4505.0,18.0,Luxury Tools,Masstige,0,3,6.0,4100.0,1,0,20,1
TIRA01873,25,Female,Tier 2,₹3L-6L,In-Store,11,3878.0,42.9,Haircare,Masstige,1,8,4.9,3046.0,0,0,21,0
TIRA01874,20,Female,Tier 3,₹25L+,App,5,3203.0,9.5,Makeup,Luxury,0,2,6.5,3051.0,1,0,2,1
TIRA01875,21,Female,Tier 1,₹6L-12L,Paid Ad,11,5037.0,14.3,Fragrance,Masstige,0,3,7.8,4677.0,1,1,1,1
TIRA01876,18,Female,Tier 1,₹12L-25L,App,6,1647.0,34.1,Skincare,Masstige,1,3,7.0,1366.0,0,0,22,0
TIRA01877,35,Male,Tier 1,₹6L-12L,In-Store,9,2648.0,1.4,Fragrance,Premium,0,0,7.1,2629.0,1,1,18,1
TIRA01878,44,Female,Tier 2,₹12L-25L,Influencer,19,2381.0,21.0,Fragrance,Luxury,0,2,6.5,2132.0,1,0,29,0
TIRA01879,41,Male,Tier 1,₹12L-25L,App,10,3630.0,34.1,Fragrance,Masstige,1,3,6.6,3010.0,0,0,20,0
TIRA01880,18,Female,Tier 2,₹12L-25L,App,9,4619.0,25.2,Skincare,Premium,0,1,5.9,4036.0,0,0,1,0
TIRA01881,35,Female,Tier 1,₹6L-12L,Word of Mouth,12,2020.0,15.3,Fragrance,Luxury,0,4,8.1,1866.0,1,1,23,1
TIRA01882,41,Female,Tier 2,₹6L-12L,Influencer,12,7167.0,36.0,Skincare,Luxury,1,3,8.1,5877.0,0,1,5,1
TIRA01883,26,Male,Tier 2,₹6L-12L,App,5,2405.0,3.2,Haircare,Luxury,0,1,7.7,2366.0,1,1,32,1
TIRA01884,30,Female,Tier 3,₹3L-6L,Paid Ad,12,3633.0,80.0,Luxury Tools,Masstige,1,2,5.1,2180.0,0,0,17,0
TIRA01885,18,Male,Tier 1,₹12L-25L,In-Store,11,3203.0,14.8,Skincare,Luxury,0,2,7.5,2967.0,1,1,16,1
TIRA01886,32,Female,Tier 3,₹6L-12L,App,11,3255.0,7.1,Makeup,Premium,0,3,9.0,3140.0,1,1,2,1
TIRA01887,21,Female,Tier 1,₹12L-25L,Influencer,10,2249.0,35.8,Haircare,Premium,1,4,8.5,1846.0,0,1,11,0
TIRA01888,31,Female,Tier 1,₹3L-6L,In-Store,4,4481.0,71.4,Fragrance,Masstige,1,0,4.7,2882.0,0,0,1,0
TIRA01889,18,Female,Tier 1,₹6L-12L,App,15,2175.0,43.5,Skincare,Premium,1,3,6.3,1702.0,0,0,4,0
TIRA01890,34,Female,Tier 1,₹12L-25L,Paid Ad,4,1077.0,18.3,Luxury Tools,Masstige,0,2,8.1,979.0,1,1,21,1
TIRA01891,38,Female,Tier 2,₹6L-12L,App,8,1854.0,60.2,Wellness,Premium,1,4,5.9,1296.0,0,0,17,0
TIRA01892,23,Female,Tier 1,₹6L-12L,App,4,4934.0,22.9,Haircare,Masstige,0,2,6.1,4369.0,1,0,20,0
TIRA01893,20,Female,Tier 1,₹6L-12L,App,4,4701.0,59.4,Makeup,Premium,1,4,3.8,3305.0,0,0,29,0
TIRA01894,18,Female,Tier 2,₹6L-12L,Paid Ad,11,791.0,17.4,Haircare,Masstige,0,3,6.7,722.0,1,0,29,0
TIRA01895,27,Female,Tier 2,₹12L-25L,Influencer,11,4176.0,66.1,Skincare,Premium,1,2,5.6,2795.0,0,0,31,0
TIRA01896,25,Female,Tier 2,₹6L-12L,Word of Mouth,9,822.0,36.8,Haircare,Premium,1,4,6.1,670.0,0,0,3,0
TIRA01897,18,Female,Tier 2,₹6L-12L,App,8,3167.0,73.8,Skincare,Premium,1,6,4.0,1998.0,0,0,3,0
TIRA01898,33,Female,Tier 1,₹12L-25L,Paid Ad,4,1751.0,25.4,Skincare,Luxury,0,3,6.4,1528.0,0,0,32,0
TIRA01899,26,Female,Tier 2,₹12L-25L,Influencer,7,4269.0,28.9,Skincare,Premium,0,4,8.6,3651.0,0,1,31,1
TIRA01900,21,Female,Tier 1,₹12L-25L,In-Store,7,3866.0,19.1,Haircare,Luxury,0,6,6.1,3496.0,1,0,1,1
TIRA01901,25,Male,Tier 1,₹6L-12L,App,8,4375.0,21.3,Makeup,Premium,0,3,6.8,3909.0,1,0,2,0
TIRA01902,38,Female,Tier 1,₹25L+,Paid Ad,11,2846.0,2.6,Haircare,Luxury,0,1,7.3,2809.0,1,1,11,1
TIRA01903,34,Female,Tier 2,₹6L-12L,App,4,2970.0,8.8,Skincare,Luxury,0,5,9.6,2840.0,1,1,20,1
TIRA01904,28,Male,Tier 1,₹6L-12L,Influencer,6,1401.0,16.0,Makeup,Premium,0,3,5.8,1289.0,1,0,2,0
TIRA01905,34,Female,Tier 2,₹25L+,In-Store,8,1963.0,18.9,Makeup,Luxury,0,1,6.4,1778.0,1,0,16,1
TIRA01906,20,Female,Tier 1,₹12L-25L,App,7,4338.0,32.6,Makeup,Masstige,1,4,6.7,3630.0,0,0,9,0
TIRA01907,30,Non-binary,Tier 1,₹12L-25L,Word of Mouth,8,3641.0,24.2,Skincare,Luxury,0,2,7.2,3201.0,1,1,33,1
TIRA01908,31,Male,Tier 1,₹25L+,Paid Ad,4,3325.0,3.9,Haircare,Premium,0,3,8.9,3261.0,1,1,29,1
TIRA01909,26,Female,Tier 1,₹3L-6L,In-Store,9,4715.0,18.5,Makeup,Masstige,0,2,8.2,4280.0,1,1,19,1
TIRA01910,33,Female,Tier 1,₹12L-25L,Influencer,15,1640.0,7.4,Luxury Tools,Premium,0,4,7.0,1579.0,1,0,5,0
TIRA01911,23,Female,Tier 2,₹12L-25L,In-Store,15,4064.0,24.0,Makeup,Masstige,0,3,7.3,3576.0,1,1,10,0
TIRA01912,34,Non-binary,Tier 1,₹6L-12L,Influencer,8,1785.0,8.0,Skincare,Luxury,0,0,7.5,1713.0,1,1,8,1
TIRA01913,34,Male,Tier 1,₹6L-12L,App,11,4973.0,5.7,Skincare,Luxury,0,0,7.3,4831.0,1,1,31,1
TIRA01914,18,Female,Tier 2,₹3L-6L,In-Store,12,3853.0,13.6,Skincare,Premium,0,3,8.4,3591.0,1,1,22,1
TIRA01915,39,Female,Tier 1,₹25L+,In-Store,8,4357.0,39.3,Skincare,Masstige,1,1,6.6,3501.0,0,0,13,0
TIRA01916,18,Female,Tier 1,₹3L-6L,In-Store,8,2358.0,62.3,Fragrance,Luxury,1,0,7.1,1623.0,0,1,1,1
TIRA01917,25,Female,Tier 1,₹6L-12L,In-Store,6,5819.0,27.3,Haircare,Luxury,0,3,7.3,5024.0,0,1,30,1
TIRA01918,38,Female,Tier 1,₹12L-25L,App,8,5598.0,58.8,Skincare,Premium,1,4,6.5,3951.0,0,0,22,0
TIRA01919,27,Female,Tier 1,₹12L-25L,Word of Mouth,7,3716.0,10.0,Fragrance,Premium,0,3,4.8,3531.0,1,0,9,1
TIRA01920,18,Female,Tier 2,₹6L-12L,App,11,4610.0,60.7,Skincare,Premium,1,5,5.6,3212.0,0,0,32,0
TIRA01921,21,Female,Tier 1,₹12L-25L,App,8,2838.0,12.0,Fragrance,Premium,0,5,7.9,2667.0,1,1,27,1
TIRA01922,38,Female,Tier 2,₹12L-25L,In-Store,12,1678.0,13.7,Skincare,Luxury,0,4,7.9,1563.0,1,1,3,1
TIRA01923,18,Female,Tier 1,₹12L-25L,Influencer,5,4155.0,25.9,Makeup,Premium,0,3,8.5,3617.0,0,1,1,1
TIRA01924,39,Female,Tier 2,₹3L-6L,App,5,2097.0,33.7,Haircare,Masstige,1,5,7.2,1743.0,0,1,1,0
TIRA01925,29,Female,Tier 2,₹3L-6L,In-Store,8,4772.0,11.3,Skincare,Masstige,0,3,6.3,4503.0,1,0,10,0
TIRA01926,20,Non-binary,Tier 1,₹12L-25L,Influencer,9,4457.0,17.8,Skincare,Premium,0,4,7.8,4061.0,1,1,15,1
TIRA01927,25,Female,Tier 1,₹6L-12L,App,8,3482.0,33.3,Fragrance,Premium,1,2,7.5,2902.0,0,1,33,1
TIRA01928,21,Female,Tier 1,₹12L-25L,Word of Mouth,13,3415.0,61.1,Haircare,Luxury,1,7,4.9,2371.0,0,0,30,0
TIRA01929,36,Female,Tier 3,₹3L-6L,In-Store,10,4387.0,80.0,Fragrance,Luxury,1,4,4.4,2632.0,0,0,35,0
TIRA01930,35,Female,Tier 3,₹12L-25L,Influencer,4,3529.0,27.9,Haircare,Masstige,0,4,7.6,3037.0,0,1,33,0
TIRA01931,18,Female,Tier 1,₹25L+,App,7,2715.0,26.3,Skincare,Masstige,0,7,6.9,2358.0,0,0,1,0
TIRA01932,26,Female,Tier 2,₹12L-25L,Influencer,8,1383.0,48.3,Haircare,Premium,1,2,7.1,1049.0,0,1,29,0
TIRA01933,23,Female,Tier 1,₹25L+,Paid Ad,3,4351.0,33.6,Fragrance,Luxury,1,4,6.8,3619.0,0,0,33,0
TIRA01934,40,Female,Tier 1,₹25L+,App,8,3640.0,17.5,Skincare,Luxury,0,2,5.1,3321.0,1,0,23,1
TIRA01935,19,Female,Tier 2,₹6L-12L,App,6,6507.0,24.9,Skincare,Masstige,0,3,7.0,5696.0,1,1,34,0
TIRA01936,42,Female,Tier 1,₹6L-12L,App,9,3085.0,57.4,Haircare,Masstige,1,1,5.3,2199.0,0,0,15,0
TIRA01937,29,Female,Tier 1,₹25L+,App,10,3562.0,13.4,Fragrance,Luxury,0,1,8.1,3324.0,1,1,28,1
TIRA01938,20,Female,Tier 2,₹25L+,Word of Mouth,13,3591.0,53.3,Makeup,Premium,1,2,6.3,2633.0,0,0,28,0
TIRA01939,24,Female,Tier 1,₹25L+,Influencer,4,3981.0,37.0,Haircare,Premium,1,3,5.6,3244.0,0,0,8,0
TIRA01940,23,Female,Tier 2,₹12L-25L,Influencer,4,2040.0,10.5,Skincare,Masstige,0,4,7.8,1933.0,1,1,27,0
TIRA01941,19,Female,Tier 1,₹6L-12L,Word of Mouth,4,3107.0,20.2,Makeup,Masstige,0,1,7.7,2793.0,1,1,17,0
TIRA01942,30,Female,Tier 1,₹25L+,Paid Ad,9,4193.0,45.0,Haircare,Masstige,1,1,6.6,3251.0,0,0,7,0
TIRA01943,20,Female,Tier 1,₹25L+,Paid Ad,8,2801.0,41.6,Skincare,Premium,1,1,7.3,2218.0,0,1,4,0
TIRA01944,18,Non-binary,Tier 3,₹12L-25L,In-Store,17,4148.0,43.1,Skincare,Premium,1,2,5.2,3255.0,0,0,26,0
TIRA01945,26,Non-binary,Tier 1,₹25L+,In-Store,13,3316.0,22.0,Makeup,Premium,0,3,6.9,2952.0,1,0,29,0
TIRA01946,18,Non-binary,Tier 1,₹12L-25L,App,10,3682.0,36.3,Skincare,Premium,1,2,4.3,3014.0,0,0,28,0
TIRA01947,23,Female,Tier 2,₹25L+,In-Store,10,4581.0,4.3,Fragrance,Masstige,0,4,9.0,4482.0,1,1,34,1
TIRA01948,22,Female,Tier 3,₹3L-6L,In-Store,11,2927.0,80.0,Wellness,Masstige,1,2,4.9,1756.0,0,0,32,0
TIRA01949,23,Female,Tier 3,₹25L+,App,14,1458.0,76.6,Haircare,Masstige,1,4,4.8,900.0,0,0,7,0
TIRA01950,46,Female,Tier 2,₹3L-6L,In-Store,8,2880.0,29.9,Fragrance,Masstige,0,3,6.7,2450.0,0,0,26,0
TIRA01951,30,Female,Tier 1,₹6L-12L,In-Store,11,2209.0,34.9,Luxury Tools,Luxury,1,7,7.1,1824.0,0,1,8,1
TIRA01952,31,Female,Tier 2,₹3L-6L,In-Store,8,649.0,14.6,Haircare,Masstige,0,3,8.5,602.0,1,1,26,1
TIRA01953,18,Female,Tier 2,₹6L-12L,App,7,3072.0,43.1,Haircare,Masstige,1,1,6.0,2410.0,0,0,16,0
TIRA01954,24,Female,Tier 3,₹6L-12L,In-Store,11,3439.0,16.9,Skincare,Luxury,0,3,7.7,3149.0,1,1,32,1
TIRA01955,31,Female,Tier 2,₹25L+,In-Store,2,4425.0,32.4,Fragrance,Premium,1,3,7.1,3709.0,0,1,5,1
TIRA01956,21,Female,Tier 1,₹12L-25L,Influencer,7,1833.0,13.9,Skincare,Masstige,0,3,5.2,1705.0,1,0,7,0
TIRA01957,37,Female,Tier 1,₹25L+,Influencer,7,3306.0,43.1,Skincare,Masstige,1,4,5.6,2594.0,0,0,22,0
TIRA01958,20,Male,Tier 2,₹6L-12L,App,9,4554.0,49.0,Makeup,Masstige,1,4,6.5,3439.0,0,0,20,0
TIRA01959,27,Female,Tier 1,₹3L-6L,App,13,2510.0,23.5,Skincare,Masstige,0,4,8.3,2216.0,1,1,31,0
TIRA01960,25,Female,Tier 1,₹12L-25L,In-Store,5,3843.0,39.8,Skincare,Premium,1,5,7.8,3078.0,0,1,32,1
TIRA01961,31,Female,Tier 1,₹12L-25L,App,10,5117.0,17.2,Makeup,Premium,0,2,6.1,4678.0,1,0,10,0
TIRA01962,24,Female,Tier 2,₹12L-25L,In-Store,13,965.0,11.8,Skincare,Masstige,0,5,8.5,908.0,1,1,23,0
TIRA01963,27,Female,Tier 3,₹12L-25L,Word of Mouth,12,3527.0,58.1,Fragrance,Luxury,1,5,6.7,2503.0,0,0,27,0
TIRA01964,28,Female,Tier 2,₹12L-25L,App,6,4595.0,33.8,Wellness,Masstige,1,2,7.1,3819.0,0,1,33,0
TIRA01965,24,Female,Tier 3,₹12L-25L,In-Store,7,2779.0,27.1,Haircare,Premium,0,2,4.9,2402.0,0,0,13,0
TIRA01966,33,Female,Tier 2,₹25L+,Influencer,11,4864.0,18.6,Skincare,Masstige,0,0,6.7,4413.0,1,0,2,0
TIRA01967,31,Female,Tier 2,₹12L-25L,In-Store,6,3961.0,12.4,Makeup,Masstige,0,2,7.6,3715.0,1,1,13,1
TIRA01968,29,Male,Tier 1,₹12L-25L,App,9,5323.0,41.3,Skincare,Premium,1,2,6.1,4224.0,0,0,8,0
TIRA01969,26,Female,Tier 2,₹6L-12L,App,9,3899.0,42.6,Makeup,Masstige,1,2,4.1,3068.0,0,0,2,0
TIRA01970,36,Female,Tier 1,₹3L-6L,Word of Mouth,9,5423.0,38.1,Skincare,Masstige,1,3,6.2,4391.0,0,0,8,0
TIRA01971,28,Female,Tier 1,₹6L-12L,App,7,3560.0,18.4,Makeup,Premium,0,3,6.3,3232.0,1,0,7,1
TIRA01972,27,Female,Tier 1,₹12L-25L,Influencer,7,1559.0,18.0,Skincare,Luxury,0,1,7.9,1419.0,1,1,3,1
TIRA01973,30,Female,Tier 2,₹12L-25L,Paid Ad,6,2443.0,17.8,Wellness,Premium,0,3,7.8,2225.0,1,1,27,1
TIRA01974,43,Female,Tier 2,₹6L-12L,App,6,4422.0,23.2,Skincare,Masstige,0,2,7.6,3910.0,1,1,22,0
TIRA01975,19,Male,Tier 3,₹12L-25L,Influencer,7,4398.0,51.3,Makeup,Premium,1,4,5.6,3271.0,0,0,6,0
TIRA01976,36,Female,Tier 3,₹6L-12L,App,6,2827.0,28.6,Skincare,Premium,0,2,6.9,2422.0,0,0,15,0
TIRA01977,18,Female,Tier 3,₹6L-12L,App,4,5365.0,34.0,Makeup,Masstige,1,5,6.6,4453.0,0,0,30,0
TIRA01978,31,Female,Tier 1,₹25L+,In-Store,7,2775.0,15.6,Luxury Tools,Premium,0,2,8.3,2559.0,1,1,9,1
TIRA01979,42,Male,Tier 3,₹6L-12L,Word of Mouth,14,3754.0,5.0,Skincare,Premium,0,4,7.3,3660.0,1,1,9,1
TIRA01980,33,Male,Tier 2,₹6L-12L,App,9,3721.0,18.0,Skincare,Luxury,0,2,6.5,3386.0,1,0,26,1
TIRA01981,31,Male,Tier 3,₹6L-12L,App,13,1603.0,77.1,Skincare,Luxury,1,1,5.9,985.0,0,0,14,0
TIRA01982,25,Female,Tier 1,₹6L-12L,Word of Mouth,4,3067.0,10.5,Makeup,Masstige,0,4,8.4,2907.0,1,1,24,1
TIRA01983,30,Female,Tier 1,₹12L-25L,App,4,6056.0,29.7,Makeup,Luxury,0,5,7.3,5157.0,0,1,7,1
TIRA01984,27,Female,Tier 3,₹25L+,Paid Ad,7,2093.0,19.6,Fragrance,Premium,0,2,8.8,1888.0,1,1,2,1
TIRA01985,23,Male,Tier 1,₹12L-25L,Influencer,9,3950.0,27.3,Fragrance,Luxury,0,2,9.0,3411.0,0,1,19,1
TIRA01986,27,Female,Tier 1,₹12L-25L,Influencer,6,1815.0,7.3,Skincare,Premium,0,1,8.9,1748.0,1,1,16,1
TIRA01987,31,Female,Tier 1,₹6L-12L,Paid Ad,7,2081.0,27.2,Luxury Tools,Premium,0,3,6.2,1798.0,0,0,30,0
TIRA01988,23,Female,Tier 1,₹12L-25L,Influencer,11,1503.0,51.4,Fragrance,Premium,1,2,6.8,1117.0,0,0,26,0
TIRA01989,23,Female,Tier 1,₹6L-12L,App,8,4329.0,13.7,Haircare,Premium,0,2,7.6,4032.0,1,1,12,1
TIRA01990,19,Female,Tier 3,₹3L-6L,Word of Mouth,12,2154.0,46.0,Skincare,Premium,1,5,5.6,1658.0,0,0,4,0
TIRA01991,33,Female,Tier 3,₹25L+,Word of Mouth,10,4721.0,41.9,Haircare,Premium,1,2,5.6,3733.0,0,0,19,0
TIRA01992,34,Female,Tier 3,₹6L-12L,Paid Ad,6,2562.0,17.8,Makeup,Premium,0,3,7.6,2335.0,1,1,28,1
TIRA01993,31,Male,Tier 1,₹6L-12L,Influencer,4,3354.0,10.8,Makeup,Masstige,0,4,8.4,3173.0,1,1,11,1
TIRA01994,37,Female,Tier 1,₹3L-6L,In-Store,7,3694.0,15.4,Skincare,Premium,0,5,8.8,3410.0,1,1,22,1
TIRA01995,30,Male,Tier 1,₹12L-25L,In-Store,11,1260.0,25.5,Makeup,Masstige,0,5,7.7,1099.0,0,1,2,0
TIRA01996,33,Female,Tier 1,₹6L-12L,App,6,3444.0,6.8,Makeup,Masstige,0,2,8.3,3327.0,1,1,26,1
TIRA01997,32,Male,Tier 1,₹6L-12L,In-Store,9,3620.0,59.4,Skincare,Premium,1,4,5.4,2545.0,0,0,30,0
TIRA01998,29,Female,Tier 2,₹12L-25L,Influencer,7,4568.0,37.1,Luxury Tools,Premium,1,4,6.7,3721.0,0,0,9,0
TIRA01999,25,Male,Tier 3,₹6L-12L,Influencer,7,2049.0,72.7,Skincare,Masstige,1,4,3.6,1304.0,0,0,24,0
TIRA02000,47,Female,Tier 1,₹25L+,In-Store,5,2220.0,42.2,Skincare,Masstige,1,4,6.9,1751.0,0,0,27,0
